kriol	english
%baidibaidi	louse
%bamaragoC	stone
%biNga	hand
%bij	fish
%dot	louse
%iriwol	ear
%wanbala	one
-abat	about
-am	him
-an	on
-ap	toward
-aran	around
-at	attain
-awei	away
-baga	bugger
-bala	fellow
-bat	about
-bek	back
-dan	cease
-em	him
-gija	each other
-i	him
-im	him
-in	in
-is	very
-it	it
-labat	about
-oba	over
-of	off
-on	on
-op	off
-pat	part
-ran	around
-taim	during
-um	him
-wan	one
-wei	away
5-6-bala	wire
5u	new
Alawa	Alawa
Debi	derby
Disemba	December
Eiprul	April
En	hand
Eram	hear
Ereb	Arab
Februweri	February
Fitrai	fitzroy
Fraidei	Friday
God	God
Gotjan	subsection
Gotjjan	subsection
Holden	holden
Honda	motorbike
Indien	Indian
Inglis	English
Intan	American Indian
Ista	Easter
Ista eig	Easter egg
Itang	American Indian
Jedidi	Saturday
Jenyuweri	January
Julai	July
Jun	June
Krismas	Christmas
Krismastaim	Christmas
Kristjan	Christian
Kristjanmob	Christians
Lenroba	landrover
Mandei	Monday
Mara	Mara
Marinbala	Mara
Matj	march
Mei	May
Meriken	American
Ngabu	god
Nigro	Negro
Nobemba	November
None	nine
Noth	north
Nyubrij	Newbridge
Ogis	August
Oktoba	October
Oma	Arab
Redai	redeye
Redres Gel	devil
Romanoj	Roman nose
Sadadei	Saturday
Sandei	Sunday
Satadei	Saturday
Sebin Sista	Pleiades
Seitin	Satan
Senta Klos	Santa Claus
Septemba	September
Tasen	Tarzan
Thesdei	Thursday
Tyusdei	Tuesday
Wensdei	Wednesday
Yanyuwa	Yanyuwa
Yulngumatha	language name
\lil sista	younger sister
a	a
abat	about
abdajat	after that
abdum	chase
abija	father’s mother
abset	be anxious
abuji	mother’s father
abum	birth
abum blandi	have
abum fan	fun
abum set	bear a grudge
abum sowa oloba	lame
abum spel	rest
abwei	part of
ad	hard
adbala	strongly
adli	hardly
adrok	rock
adtaim	hard time
afta	after
agumen	argue
agyumen	argue
ai	I
aibis	ibis
aibrau	eyebrow
aidiya	idea
ailan	island
ailibala	early
aionwud	ironwood
aipat	eyebrow
airrap	higher up
aiyan	iron
aiyanwan	iron
ajad	outside
akros	across
album	help
aleiluya	hallelujah
alibala	early
alidei	holiday
aligeda	crocodile
aligeida	alligator
alo	hello
alolog	hollow log
alta	money
am	arm
ambag	be cheeky
amben	armband
ami	army
ampit	armpit
andanit	under
andanith	under
andimwe	chase
anding	hunt
andrid	hundred
anga	goodness
anginap	above
angindan	runny nose
angkul	mother’s brother
ani	honey
anli lilbit	one
anloudim	unload
antap	be on top
anti	aunt
anyan	onion
ap	up
apset	be upset
apstes	upstairs
araun	around
ard	hard
ardim	hurt
ardim jowa	chafe
ariap	hurry
arinj	orange
as	us
asbin	husband
asbin en waib	married couple
asbin o waif	spouse
ashis	ashes
askim	ask
athasaid	other side
atjamp	be frightened
atsaid	outside
audim	out
audim faiya	put out fire
av	about
awa	hour
awus	building
ba	about
baba	baby
babard	bird species
babbab	puppy
babim	pop
babolo	buffalo
babul	bubble
babulap	bubble up
babulgam	bubble gum
bad	banned
bada	butter
badadimap	ruin
badaflai	butterfly
badik	paddock
badlim	paddle
badlingbot	paddle steamer
bafalo	buffalo
bagadap	broken
bagadim	mess up
bagai	desire
bagarramap	destroy
bagarrap	destroyed
bagas	forget it
bagi	tobacco
bagidi	bucket
bagimbat	have intercourse
bagit	bucket
bagus	forget it
bai	by
baib	five
baibai	goodbye
baibul	Bible
baibul baibul	piebald
baibul brim	black bream
baibul sineik	rock snake
baibul sneik	not poisonous
baibulbuk	Bible
baidibaidi	insect
baidim	bite
baidimap	bite off
baijimbek	bring
baijinggul	bicycle
baik	bike
bailgurr	fall down
bailsineik	file snake
baimbai	later
baimbai yet	not yet
baindim	conceive
baitim	bite
baiyim	buy
bajam	earlier
bajdam	earlier
bajim	pass
bajimap	bring
bajimbek	bring
baju	wild potato
bak	bark
bak brom tri	bark of tree
bakit	billy
bako	vomit
balanda	European
balgin	bitter
baligal	Australian
baligan	Australian
baligin	pelican
balikan	pelican
bam	buttocks
bamarragotj	money
bambaba	popsicle
bambai	later
bambu	bamboo
bambum	bump
bamen	barman
bamit	vomit
ban	band
bandamis	pandanus palm
bandamis baskit	basket
bandigut	bandicoot
bandiyan	deadly
bandri	boundary
bandul	bundle
banga	about
bangk	bunk
banigin	billy
banijim	punish
banji	brother-in-law
banjim	hit
banjiman	in-laws
banjimen	in-law
bank	bed
banksia	banksia
banyip	monster
barawu	boat
bardigindak	burdekin duck
barlbarl	pound
barlkiny	bitter
barn	burn out
barn garri fiba	burn
barnana	girlfriend
barnarra	plant species
barnbala	skinny
barnga	cousin
barngras	burnt grass
barngras kantri	grass
barnim	burn
barnim faiya	burn
barnimap	annoy
baro	borrow from
barradei	potato
barragarl	spear
barramandi	barramundi
barraniya	nearly
barrawu	boat
barrei	very good
barrik	paddock
barrolga	brolga
barruk	card game
bas	break up
basawei	die
basdam	early days
basdam buk	history book
basim	pass
baskit	basket
baskitbol	basketball
bastim	break
bastimap	break
bastindap	ruined
bat	but
bata	butter
batin	button
baudan	bow
bausheid	shelter
baut	boat
bawabe:d	great bowerbird
baya	fire
baya tri	firetree
bayam	buy
bayastik	firestick
bayawud	firewood
be:d	bird
be:dbe:d	bird
be:dibe:di	little bird
be:dnes	bird’s nest
bebak	paperbark
bebal	navel
bebi	baby
bebi rok kod	sleepy cod
bed	bad
bedfiling	bad feelings
bedfren	enemy
bedkol	cold
bedlak	bad luck
bednyus	bad news
bedsik	be very sick
beg	bag
bega	tobacco
begimap	bag
beibi	baby
beibi imiyu	emu
beibi nenigout	baby goat
beibidaga	baby food
beibikraitaim	early morning
beibitaim	infancy
beibiwan	infantile
beibiwei	childishly
beig	bag
beigim	bake
beikim	knead
beikin	baking
beikinpauda	baking powder
beingk bla riba	bank of river
beingksaid	bank
beingkwei	bank
beit	bait
beja	feather
bek	back
bekat	back out
bekbon	back
bekbongija	back-to-back
bekimap	backup
beko	backhoe
bekpat	back
bekpat bla ni	back of knee
bekwedswei	backwards
bel	bell
beldim	belt
beldri	corkwood
beli	abdomen
belt	belt
bempaiya	vampire
bendibendi	snake species
bendigut	bandicoot
bendij	bandage
bendijimap	bandage
bendim	bend
bendiwan	bent
bengk roba	bank robber
bengsiya	banksia
beptais	baptise
beptaisim	baptise
berd	bird
berdiberdi	bird
bern	burn
bernam	burn
bernamap	burn
bernap	be burnt
bernapwan	burnt
berndap	burn
bernim	burn
bernimap	burn
berrim	bury
berrimap	bury
berrit	be
bes	best
bet	bat
bethdei	birthday
betlin	battle
betri	battery
bewabe:d	bowerbird
bewulf	werewolf
beya	bear
bi	be
bi:k	beak
biNga	hand
bib	beef
biba	fever
bibi	breast
bibim	hit
bibj	beach
bida	bitter
bidabat	feed on
bidim	beat
bidrum	spread out
bif	beef
bifo	before
bifwud	beefwood
big	big
big pipul	adults
bigadam	forget
bigbala	boss
bigbala bi	bee
bigbala hil	mountain
bigbigwan	big
biges frog	big
biges gwena	goanna
bigeswan gel	girl
bigibigi	pig
bigimap	pick up
bigin	pick
biginini	baby
biginini bla yimayirri	bream
bigis	important
bigmaus	talkative person
bigmob	big
bigmob waiya	wire
bigoj	because
bigsan	eldest son
bigstom	storm
bigwan	adult
bigwan blanbo	bat
bigwan blekwan ent	ant
bigwan blekwan igal	eagle
bigwan bluwan ent	Big Blue
bigwan boi	big boy
bigwan braba perit	parrot
bigwan dog	big
bigwan flai	bee flies
bigwan gelwan keinggurru	kangaroo
bigwan kain bi	bee
bigwan lijad	big
bigwan longwan naif	big
bigwan men	big boy
bigwan perit	parrot
bigwan pijin	Dove
bigwan raunwan frog	frog
bigwan rili gras	spinifex
bigwan sta	Sirius
bigwan tadul	big
bigwan tomiyok	axe
bij	fish
bijidimbat	visit
bijin	Creole
bijin inglij	Creole
bijing	fish
bijitim	visit
bijnet	fishnet
bijnij agen	ceremony
bijok	fish hawk
bijuman	bitumen
biki	biscuit
biknik	picnic
bikos	because
bilanggid lijad	Chlamydosaurus kingi
bildim	build
bildimap	build up
bildimbat faiya	set afire
bili	billy
bilib	believe
bilibim	believe
bilibong	billabong
biligen	big
biligout	billy goat
biligut plam	billygoat plum
biliken	billycan
bilim	feel
bilimap	fill
bilyid	billiards
bin	bean
bin kadim	circumcised
bina	could have
binabeg	spinifex
binana	banana
bindiyai	bindi-eye
binga	finger
bingga	arm
bingganeil	fingernail
bingk	pink
binij	complete
binijap	finish
binijim	complete
binijimap	finish
binijimof	finish
binijlain	finish line
binja	hair
binji	belly
binji - ajad	belly
binjigija	facing each other
binjim	pinch
binjimof	finish
binjing	fence
birridak	wood duck
birrim	spear
bisi	busy
biskit	biscuit
bisnis	ceremony
bitawan	bitter
bitj	beach
biya	alcohol
biyad	beard
biyain	after
biyainpat	stern
biyainwei	after
bla	about
bla burdiflawa	stamens
bla digimat	yamstick
bla enimul	fat
bla im dadi	his father
bla jogim yem	wooden
bla main	my own
bla menija waif	missus
bla smok	pipe for smoking
bla solwoda tri	long
bla spiya	sharp
bla wajim	soap
bla woda	dirty
blad	blood
bladat	fast
bladim	plait
blading	plaiting
bladwoda	flood
bladwud	Black
bladwud tri	bloodwood tree
blai	bee
blain	blind
blainai	blind
blaing skwirrel	sugar glider
blainwan ai	blind person
blaiwei	fly away
blajbala	proud
blakam	block
blakamap	block
blanbo	aeroplane
blanda	about
blandi	plenty
blandibala	adult
blandim	hide
blandim misalb	balance oneself
blanga	about
blanga hu	whose
blanga wanim	why
blanged lijad	frilled lizard
blangit	blanket
blant	blunt
blantwan	blunt
blas	proud
blatnim	flatten
blau	whose
blawa	flour
blawabeg	grey hair
bleda	bladder
bleidpat	blade
bleim	accuse
bleimim	accuse
blein gabarra	bald head
bleingkit	blanket
bleiyim	blame
blek	black
blek bod	blackboard
blek karant	blackcurrant
blek krela	cockatoo
blek plam	blackcurrant
blekbala	Aboriginal
blekbala beki	native
blekbat	blackbutt
blekberi	blackberry
blekbrim	black bream
blekdak	goose
blekhed sneik	black-headed python
blekkaran	blackcurrant
blekplam	black
bleksoil	black soil
blekwan	black
blekwan blanbo	black
blekwan bod	blackboard
blekwan sengraun	mineral sand
blekwan woda	fresh
blenggid irriwul	lizard
blenggit lijad	frilled lizard
blesidwan	blessed
blet	blunt
bletwan	blunt
blidim	bleed
blidin	bleed
blidinim	bleed
blijiman	policeman
blijimanmob	police
blo	blow
blo nos	blow nose
bloap	blow up
blobeg	white
blobeg heya	grey
bloim	blow
bloim nos	blow nose
bloimap	blow up
blok	block
blokim	block
blombat	blow
blouk	bloke
blout	float
blowabeg heya	white hair
blowap	blow up
blowim	blow
blowin	breathe
blowum	blow
blu	blue
blu:n	balloon
bludang	blue-tongue lizard
bluin	breathe
bluinbluin	puffing
bluren	wrens
bo	about
boa	bore
bobala	pity
bobo	goodbye
bodam	bottom
bodamwan	bottom
bodi	body
bodipat	body
bodji	dented
bodl	bottle
bodl tri	bottle tree
bodo	photo
boeba	forever
bog	bog
bogabain	echidna
boget	forget
bogi	baptise
bogi graun	spring
bogibain	echidna
bogibat	swim
bogiples	boggy place
bogubain	echidna
bogupain	echidna
boi	Aboriginal
boi bla sista	sister’s son
boi jugabeg	honeycomb
boifren	boyfriend
boil	big
boila	abcess
boilap	bubble up
boilim	boil
boilim det woda	churn up
boilimap	boil
boiling	boiling
bois	voice
boiwan	male
boiwan plein keinggurru	kangaroo
bojiwan	dented
bojwan	boss
boks	box
boksin	box
bol	ball
boldan	fall down
boldi	bald
bolibol	volleyball
bololo	fruit
bolorum	follow
bolwan	bald
bolwan gabarra	bald
bolwan hed	bald
bom	bomb
bomereing	boomerang
bomit	vomit
bon	Alawa
bonaro	bow
bonbala	skinny
bonbij	bony bream
bonfish	bonefish
bonibala	skinny
boniboni	colt
bonic	bionic
boniwan	bony
bonpis	bonefish
bontain	semitrailer
borlorlo	wild passionfruit
born	be born
bornim	born
borred	forehead
borrimat	pour out
bos	boss
bosimran	boss around
bosmen	boss
boswan	chief
bot	boat
botampat	lower leg
botampat bla fut	footsole
botboi	deckhand
botji	sporty
botmen	deckhand
botul	bottle
bout	boat
bra	brassiere
braba	correct
brabli	appropriately
brabli hotbala spring	boiling hot
brabliwan	excellent
brabliwei	correctly
brait	be afraid
braitnim	frighten
braja	brother
brambi	brumby
bran	brown
branda	verandah
brandum	stamp
brash	brush
bratha	brother
braun	brown
braunkren	heron
braunwan	babbler
breb	brave
bred	bread
breibwan	brave
breigap	be
breigim	break
breigimap	break up
breigimdan	breakdown
breigimof	break off
breikat	break out
breikdan	breakdown
breikin	break into
brein	clever
breinibala	clever
brejwoda	fresh water
brekfis	breakfast
brekim	open
brekimap	smash
bren	brain
brend	brand
brendim	brand
brentj	branch
brentjis	branch
brenyu	modern
bresh	fresh
brespleit	breastplate
brida	bull
brijing	preaching
briks	bricks
brim	bream
bringim	bring
bringimap	bring up
bringimat	bring out
bringimbek	bring back
briskit	chest
brogibrogi	frog
brogim	break
brogimap	break
broginwan	broken
broginwan tus	broken
brok	become broken
brokam	break
brokdan	breakdown
brokim	open
brokin tus	broken
brokum	break
brolga	brolga
brom	from
brom deya	after that
brom dijan	from this
brom iya	from this
brom tharrei	over there
brom wujei	where from
brud brud	bandicoot
brudbrud	bandicoot
bruginbala	broken
brum	broom
bubumap	put up
budimin	put in
budum	kick
budum bingga	clap
budum mijelb	show off
budumat	place out
budumbek	best
budumbudum	accelerate
budumdan	put down
budumon	put on
bugika	bookkeeper
bui	hey you
buj	bush
buj dilib	bush
buj gadi heya	bushes
bujabe:d	butcherbird
bujabed	Australian magpie
buji	female genitals
bujigat	cat
bujiget	cat
bujij	branches
bujin	poison
bujinim	poison
bujul	female genitals
bujum	push
buk	book
bul	bull
bulab gula	anger
bulak	cattle
bulangkanga	currant
bulap	full
bulap binji	full
buldan	fall down
buldan la	trip
buldosa	bulldozer
buligi	cattle
buligi milk	cow’s milk
bulmun	full
bulngerri	bull
bulrora	bull-roarer
buludang	blue-tongue lizard
bulugi	bull
bulugi roud	track
bulum	pull
bulum adbala	pull hard
bulumap	pull off
bulumat	take away
bulumat burrum faya	get
bulumwei	pull away
bulurrum	follow
bulwan	full
bumareing	boomerang
bumbum	buttocks
bundu bundu	pregnant
bundubundu	pregnant
bungga	penis
bunggawa	boss
bunggul	corroboree
bunjarra	jealous
bunji	if
burdagul	spear
burdi	pretty
burdiblawa	flower
burdiflawa	flower
burdiflawa be:d	friarbird
burdiperit	parrot
burl burl	lungs
burlburl	lungs
burlum	pull
burluman	cattle
burnbala	skinny
burro	from
burru	from
burrum	from
burrum jeya	after that
burrumap	erect
burrumin	fill
burrunggitgit	dwarf
bus	bush
bush	be confused
bush purteida	yam
bush rod	track
bush trek	track
bushi	shade
but	boot
butbolgran	playing field
butja	circumcise
butjabe:d	butcherbird
butjabed	butcherbird
butleis	bootlace
butwok	walk
da	the
dab	Dove
dabul	fold
dabulap	double up
dabulum	bend
dabulum mijelb	curl up
dabulum misalb	curl up
dabulumap	crumple
dadan	that one
dadei	that way
dadi	dad
dadiwan	big
daga	bread
daga bla be:d	bird food
dagat	eat
dagatginu	dug-out canoe
dagblu	dark blue
dai	die
daib	dive
daibadak	cormorant
daibin	dive into
daim	time
daimap	tie up
daiya	tyre
dak	dark
dak dak	duck
dakat brekfis	eat breakfast
dakbala	black
dakdak	duck
dala	dollar
daldu	enough
dalim	do
dalim laya	lie
dalimof	scold
dalmidalmi	eel
dan	down
danab	turn off
danap	go back
danaran	turn over
danbek	turn back
danda	gecko
dangki	donkey
dangulim	tangle up
danim	turn
danim la ston	become
danim misalb	turn over
danimran	turn around
dap	top
dardi	dirty
dardibala	black
dardim	make dirty
dargibuj	turkey bush
darran	that
darrei	that way
das	dirt
dasko	fight
dasol	that’s all
dastim	get
dat	that
datbala	he
datmaj	so much
datwan	that one
daun	bottom
daunwei	underneath
dawuda	clan
dayimap	tie up
dea	there
debada	death adder
debala	be deaf
debil-debil	Satan
debul	card game
debul debul	praying mantis
ded	dead
dedbreik	brake
dedi	father
dedliwan	dangerous
dedsilip	deep sleep
dedwan	dead
dedwan lif	dry wood
def	obsessed
defada	death adder
definimapwan	loud-sounding
dega	dagger
deganaif	dagger
dei	day
deibreik	daybreak
deigidawei	take away
deigim	take
deigim la im	pick up
deigimap	take up
deigimat	pump out
deigimbek	return
deigimdan	dismantle
deigimoba	take over
deigimof	take off
deigimwei	remove
deilait	daylight
deim	dam
deinimdan	dislike
deinja	dangerous
deipumap	record
deis	days
deitaim	daytime
deiting	dating
dekimat	take off
dekimat ola sid	skin
delim	tell
dem	them
demba	damper
dembala	ten
dembum	stamp
den	then
dens	dance
densa	dancer
derribang	trepang
deset	desert
det	that
det taim	some time later
detdet	bird species
detibala	dirty
detiwan peipabak	dirty
detlat	those
detlot	those
detmatj	that much
detmob	those
detwan	that one
deya	there
di	tea
di:l	deal
di:pinim	deepen
dia	dangerous
dibala	deep
dibulbe:d	cuckoo
dibuldibul	Satan
didibaba	lotusbird
didiwu	dive
didn	didn’t
dif	differential
difren	different
difren blekwan ston	stone
difrin	different
difrinkain	different
digam	dig
digamap	dig
digan la top	god
digim	dig
digimat	break open
diginstik	yamstick
digulim	tickle
digulwan	ticklish
dijan	here
dijan iya	this here
dijan mob	these
dijan pleis	here
dijaniya	this
dijaridu	bamboo
dijei	hither
dijei la tap	above
dijkantri	here
dijlot	these
dilaj	be uncooperative
dilib	tea
dilibeg	basket
dilibeig	penis
dilim	deal
dilyarr	tree
dim	dim
dina	dinner
dinakemp	temporary camp
dinataim	dinnertime
dinga	flying fox
dinggi	dinghy
dinggo	big
dinkis	metal box
dip	deep
dip graun	deep place
dipwan	deep
dipwan wota	deep
dipwoda	deep
dirdibawuba	lotusbird
dirr	fart
dirrawu	dive
dirrwu	dive
dis	this
disaid la	this side of
dish	dish
dismob	these
disobidiyans	be disobedient
displeis	here
dissaid	this side
distaim	this time
diwait	black duck
diwaj	duck
diya	dangerous
diyafela	forbidden
doa	door
doda	daughter
dodjim	dodge
dog	dog
doitjim	avoid
dojim	bypass
dojingbat	zigzag
dojingwan	zigzag
dokta	doctor
doktabala	clever man
dola	dollar
doldol	cucumber
dolidoli	doll
don	do not
dongki	donkey
dongki singat	bray
donkenggarru	kangaroo
donmada	regardless
dono	don’t know
dop	blouse
dot	louse
dowa	door
drabum	drop
drafhos	horse
drai	dry
drai buj	dry
drai stik	dry
draiba	driver
draibam	yeast
draibim	drive
draim	dry
draimat	dry out
draipleis	dry place
draisisan	dry season
draiwan pleis	dry place
draiwan ples	dry place
draiwan wud	dry wood
draiyim	dry
draiyimap	dry
drajim	believe
dram	drum
dran	drown
drangginbala	drunk
drangginmen	drunk
drangginwan	drunk
drangkimap	make drunk
drangkin	drunk
drangkinmen	drunk
dranim	drown
drap	collapse
drapam	drop
draun	drown
draundim	drown
dregin flai	dragonfly
dregli	directly
drein	drain
dreinimat	strain
drenggilim	choke
dres	dress
driNgim	drink
driNk	drink
dribala	three
drim	dream
driman	ceremony
drimin	dreaming
drimintaim	dreamtime
dringgim	drink
dringk	alcohol
dringkim	drink
dringkimap	drink
dringkin	drinking
drip	drip
droim	draw
drongimbala	drunk
drop	drop
dropim	drop
drowim	draw
druhones	true
du	do
dubala	married couple
dubala samkain gras	two kinds
dubala sta	stars
duim	do
duingap	hiding
duit	do
dum	do
dumaj	big mob
dumaj bon	fish
dumaji	because
dumbat rongwei	do wrong
dumeni	big mob
dumeni iya	big
dunda	grass
dupal	fruit
duwa	door
duwumbek	retaliate
dyu	dew
dyugong	dugong
e:pot	airport
e:tim	hurt
ea	hair
eagidap	shiver
eapat	hair
eapin	hairpin
eba	ever
eben	heaven
ebi	heavy
ebidi	every
ebri	every
ebribit	belly
ebribodi	everybody
ebridei	everyday
ebrijing	all sorts
ebrinait	every night
ebritaim	every time
ebriwan	everyone
ebriwei	everyway
ebriweya	all over
ebriwik	every week
ebriyiya	every year
ed	head
edben	headband
edeik	have a headache
edimap	add up
egen	again
egret	White
egskus	excuse
ei	agreed
eig	egg
eijdi	leprosy
eijins spai	spy
eindit	isn’t it
einggim	hang
eingka	anchor
eingkul	ankle
eingul	ankle
einjul	angel
eit	eight
ejij	ashes
eks	axe
eksadint	accident
eksaidid	excited
eksiden mani	compensation
eksident	accident
ekskyus	make excuses
eksplenim	explain
eksul	axle
elabo	elbow
elafant	elephant
eldes baba	brother
eldiswan	eldest
elideis	early days
elifan bibi	caterpillar
eliganda	helicopter
elikopta	helicopter
elti	healthy
embyulin	ambulance
emiyu	emu
emti	empty
emtiyim	empty
en	and
enami	enemy
enbed	antbed
enbeg	handbag
endap	conclude
endimap	conclude
endlim	cope
enemi	enemy
eni	any
eni kain bumareing	boomerang
enibodi	anybody
enijing	anything
enikain	any kind
enikain fish	fish
enimo	anymore
enimul	animal
enimul leidi	zookeeper
enimul trek	track
enimulen	zoo
enitaim	anytime
eniwan	anyone
eniwei	anyway
eniweya	anywhere
enkiju	handkerchief
enpus	purse
ensa	answer
enseram	converse
enserim	answer
ensimbek	reply
ent	ant
enta	enter
entbed	antbed
entlayon	antlion
entlayon hol	camp
epi	happy
epul	apple
eram	hear
erambat	hear
eroplein	aeroplane
erradrom	aerodrome
erro	arrow
eshis	ashes
esid	acid
eya	air
eyastrip	airport
faib	five
faibala	five
faidim	fight
faifaklok	five o’clock
fail sneik	file snake
fail snek	file snake
failsinik	file snake
faindat	find out
faindim	birth
faindim trek	balance oneself
fait	fight
faita	fighter
faiting	fight
faiya	fire
faiya laitim	light
faiyaflai	firefly
faiyapleis	fireplace
faiyastik	fire
faiyawud	firewood
falarimap	follow
falorum	follow
fam	farm
fama	farmer
fan	fake
faniwan	funny
fans	dream
fas	fast
faswan	fast
faswei	fast
fatha	father
fathawan	large
feibrit	favourite
feis	etc.
feisap	confront
feja	feather
fektri	factory
femili	family
femilibaik	tandem bicycle
fens	fence
feri	fairy
fes	etc.
festaim	before
fet	fat
fetha	feather
fetinimap	fatten up
fetwan	fat
fetwan flai	insect
fetwan lijad	plump
feya	fair
fid	feed
fidim	feed
fig	fig
figit	forget
figitim	forget
fiksim	fix
filamekta	film star
filap	fill
filim	feel
filim mijalb	feel
filim nogud	lame
filimap	fill
filing	feeling
filing wori	worry
finga	finger
fingaboad	road sign
finish	finish
finishimap	finish
fis	fish
fish	fish
fish fin	fin
fish skeil	fish scales
fishamen	fisherman
fishing	fishing
fishnet	fish net
fishok	eagle
fishskeil	fish scale
fisin lain	fishing line
fiskimap	fix
fit	appropriate
fitim	fit
fladwoda	flood
fladwota	flood
flai	bee
flai flai	fly
flain foks	flying fox
flaiwei	fly away
flaiying	fly
flawa	flour
flayim	brush away
fleiba	tasty
flet	flat
fletinimap	flatten
fletwan	blunt
fletwan kantri	country
fletwan la botam	pelvis
fletwan ston	antbed
fletwan wumara	flat
fli	flea
flik	flashlight
flikim	flashlight
floa	floor
flot	float
flout	float
flu	flu
fo	about
fobala	four
foeva	forever
fog	dew
foget	forget
fogud	permanently
fogudwail	for a while
fok	crotch
foldan	be born
foling wota	waterfall
folingsta	falling star
folorum	follow
folt	fault
fored	forehead
forred	forehead
fosim	force
fotaim	four
foto	photo
fowildraip	four-wheel drive
frait	afraid
fraitin	afraid
fraitin bla samting	be
fraitinim	frighten
frant	ahead
fren	friend
fresh	fresh
fresh wada	freshwater crocodile
fresh woda	crocodile
freshwada tadul	fresh-water turtle
freshwoda	fresh water
freshwoda tadul	fresh water
fri	free
frisa	refrigerator
frog	any kind
frog singat	croak
from	from
fromdeya	after that
frut	fruit
ful	blood
fulap	full
fuldan	born
fulmun	be on top
fulspi:d	very fast
fulwan	full
fut	foot
fut reis	footrace
futbol	football
futwok	hike
fyu	few
fyunral	funeral
ga	faeces
gabadap	be
gabadi	cup of tea
gabadimap	cover up
gabaditaim	midafternoon
gabalili	gecko
gabarra	forehead
gabarrimap	cover
gabarrumap	cover
gabigabi	calf
gabijdin	garbage can
gabilili	lizard
gabman	government
gabmanmen	government man
gabo	May
gaburrumap	cover
gada	must
gadabila	caterpillar
gadem	have
gadem loda teis	sugar
gadem redwan burdiflawa	turkey bush
gadem riliwan lif	pale yellow
gadem sheim	ashamed
gadem teist	tasty
gadem waitwan bak	eucalypt
gadi	have
gadi gula	angry
gadi neil	echidna
gadi shotwan nek	cormorant
gadi smel	smell
gadi wing	aeroplane
gadim	with
gadim bigwan bodi	fat
gadim heya	hairy
gadim munda	big
gadim sheid	hairy
gadim teist	sugary
gadimap	carry
gadin	garden
gadina	gardener
gaga	faeces
gagadu	cockatoo
gaggag	mother’s mother
gai	be proud of
gaidim	guide
gaja	ah
gajak	have intercourse
gajim	catch
gajim gadi hen	catch
gajin	cousin
gajinga	penis
gajulum	embrace
galap	gallop
galapinabat	move around
galegdim	collect
galga	soldiers
gali	Little Creek
galimap	climb
galoping	fast
gam	come
gaman	come
gaman tru	come through
gamap	come
gamat	come out
gambek	come back
gambla	gambler
gambling	gamble
gamdan	come down
gamwarra	lizard
gan	cannot
ganfaita	gunman
gangabarri tri	black plum
ganjal	bite through
ganwo	give me
gapula	partially blind
garabas	milkwood
gardiya	European
gardudu	penis
garlai	beg
garnda	buttocks
garndai	private parts
garnia	lily root
garra	will
garrabarri	corroboree
garram	have
garrapas	kerosene wood
garri sowa	no good
garria	white man
garrigarritj	quickly
garrim	with
garrim munda	big man
garrimap	carry
garrinyirringba	lots
garritj	addicted
gats	guts
gatseik	diarrhoea
gedam	get
gedap	arise
gedawei	escape
gedim	get
gedin	arrive
gediya	arrive
gedof	alight
geim	beef
geing	gang
geingap	gang up
geit	gate
gejap	hurry
gejim	catch
gejim fish	catch fish
gejimap	arrive at
geko	gecko
gel	female
gel plein keinggurru	aggressive
gela	galah
gelfren	girlfriend
gelgandri	playboy
gelwan	female
gelwan keinggurru	female
gelwan pikinini	girl
gelwan redwan keinggurru	kangaroo
gem	meat
geman	fake
gemanwan	fake
gembul	gamble
geng	ally
gerd gerd la	trip
gerrap	get up
geswan	carbonated
get seibd	saved
getamat	get out
getambat	get
getof	alight
gib	give
gibap	abandon
gibgon	continue
gibim	give
gibirrim	give
gibit	give
gibit jik la	teasing
gibit la im	pick up
gibitat	distribute
gibitbek	give back
gid	get
gid-	get
gidap	arise
gidat	get out
gidawei	escape
gidbus	be confused
gidgon	start
gidigidi	kid
gidim	get
gidin	get in
gidkot	be arrested
gidredi	get ready
gidsok	be shocked
gidstak	be stuck
gidwail	be angry
gidwasawei	be cast away
gigim	kick
gija	each other
gijim	Take Photo
gijimap	reach
gila	galah
gildi	killer
gilgai	surface water
gilgil	crawl
gilim	hit
gilinim	clean
gilti	guilty
gin	again
ginggong ginggong	donkey
ginu	canoe
girlgirl	blunt
girria	European woman
girringgo	Mexican
girriwei	get away
git	arrive
git wail	angry
gita	guitar
gitamen	guitar player
gitap	get up
gitbog	bog
gitdan	descend
gitin	enter
gitjaj	become angry
gitredi	get ready
gitstak	get stuck
gitwail	be angry
givin	give in
giyaman	gammon
giyaman la jambodi	joke
giyeman	lie
glaimap	climb
glas	glass
glu	glue
go	become
go akros	cross over
go blekwan	darken
go dakbala	black
go fishin	go fishing
go hot	cook
go kwik	hurry
go la said	go alongside
go lalid	lead
go lida	lead
go olijem ston	become
go plei	play
go wokabat	Togo
goan	come on
goap	ascend
goap raitap la	go up to
goat	come out
gobek	go back
goda	future tense
godan	descend
godan bla fish	catch fish
godan la	go down to
gogi	cockatoo
goin	enter
goj	big
gokidu	cockatoo
gola	get angry
golajambap	be annoyed
goldinwan	gold
golmaja	schoolmaster
golweja	cold season
gon	begone
gopas	pass by
goran	go around
goran goran	turn
goran la seremoni	corroboree
gos	ghost
got	got
got fletwan bingga	saltwater
gotjgulwe	brainless
gowan	go on
gowat	go out
gowat hanting	Togo
gowe trabling	go
gowei	come off
gowena	goanna
gowin	go into
gowon	gone
grab	caterpillar
graindapwan	ground
graindim	grind
graindimap	grind
grainding	grinding
grajim	dig
grajim mijalb	scratch oneself
grajimat	break open
grajimbat	mine
grajin	digging
grajopa	grasshopper
gralim	chastise
grambul	growl at
gran gabarra	crazy
grandimap	grind
gras	grass
gras kantri be:d	quail
gras wolabi	grass
grashopa	grasshopper
graul	growl
graulim	growl at
graun	dirt
graungraun	spin
grebum	grab
grei	grey
greib	grave
greibij	crayfish
greibum	scrape
greibyad	cemetery
greid	grade
greida	grader
greihaun dog	big
grein	flake
greip	grapes
greiwan	grey
grenbaja	grandfather
grendoda	granddaughter
grendota	grandchild
grenfatha	father’s father
greni	granddaughter
grenkid	grandchildren
grensan	grandchild
gri	be uncomfortable
gri bekbon	be uncomfortable
griba	creeper
gridi	absorbed
gridibalawei	greedily
gridijambap	greedy
gridiwan	greedy
grila	gorilla
grin	green
grin gras	grass
grin plam	green plum
grinad	rawhide
gringgo	Mexican
grinplam	green
grinwan	black
grinwan frog	frog
grinwan gras	green grass
grinwan wadi	branch
gro	grow
gro fetwan	fat
grofish	crayfish
grog	alcohol
grogmen	drunkard
gron	groan
gropa	groper
growap	bring up
growim	grow
growimap	bring up
grugidgrugid	zigzag
gubala	quickly
gubarl	rubbishy
gud	enjoyable
gudan	go down
gudanaf	adequate
gudbai	goodbye
gudbala	good
gudbalawei	good
gudbinji	be
gudbinjiwei	happy
gudei	good day
gudfren	good friend
gudhanta	hunter
gudinaf	good enough
gudjob	good job
gudlak	good luck
gudmob	many
gudnyus	good news
gudsmel	good smell
gudsmelwan	fragrant
gudtaim	good time
gudwail	long while
gudwan	good
gudwan bif	edible
gudwan bla dagat	edible
gudwan hanta	good
gudwei	nicely
gugum	cook
gugunja	sheep
gula	anger
gula jampap	angry
gulajambap	be very angry
gulamajarri	catfish
gulijab la	close to
gulijap	close
guliman	coolamon
gululu	upset stomach
gulum	name
gulya	colon
gumbu	faeces
guna	anus
guna boi	male homosexual
gundarl	black plum
gunderri	fish species
gundie	wallaby
gundu-gundu	card game
gura	faeces
guraunguraun	go around
gurdibu	kangaroo
guriny	callous
gurranda	brolga
gus	black swan
gusaba	cassava
gusbri	gooseberry
gutjarloda	forever
gwei	begone
gwena	goanna
gwigbala	quickly
gwin	enter
had	hard
hadbala	hard
hadwe:k	work hard
haf	half
hafa	how far
hafbilib	half believe
hafded	half-dead
hafdedwan	half-dead
hafenhaf	half-and-half
hafwei	halfway
hagambat	hug
hai	high
hai ples	high place
haibala	high
haibala haibala	high
haidim	hide
haiding	belting
haijekim	hijack
haimen	boss
haipat	arm
haiwan beingk	bank
haladei	holiday
hambag	annoy
hambag la	disturb
hambagam	annoy
hambe:ga	hamburger
hamini	how many
hampi	humpy
hampibek	humpback
handrid	hundred
hanggri	be
hanggribala	hungry
hanggriwan	hungry
hani	honey
hanta	hunter
hantamat	chase out
hantimwe	chase away
hanting	hunt
hariyap	hurry
harrap	above
harrimap	heighten
hasbin	husband
hat	heart
hatjamp	be surprised
hatjampwei	surprisingly
hau	how
haulong	how long
haumatj	how much
haumeni	how many
haus	house
hauspat	cabin
haw	how
hayimap	heighten
hea	hair
hearibala	hairy
hebi	heavy
hebibala	be heavy
hebin	heaven
hebiwan	heavy
hed	forehead
hedbend	headband
hedeik	have headache
hedkol	head cold
hedpat	head
heidim	hate
heilstom	hailstorm
heilston	hailstone
heing la	stay with
heinggitjif	handkerchief
heingim	hang
heingimap	hang up
heinging	hang
helbam	assist
helfaiya	hellfire
helikopta	helicopter
help	help
helpa	helper
helston	hailstones
helth	health
helthiwan	healthy
helthsenta	clinic
hema	hammer
hendimbek	return
hendimdan	hand down
hendimoba	hand over
hendl bla eks	axe handle
hendul	handle
hendulim	control
hendulum	control
heng ded	be hanged
hengon	hang on
hengrined	hand grenade
hepi	happy
hepin	happen
hepining	happening
hepiwan	happy
hepiwei	happily
herdam	bruise
herding	ache
herriwan	hairy
het	hat
hetben	hatband
heviwan	heavy
heya	hair
heya belt	etc.
heya bla bodi	body hair
heya bla gabarra	hair of head
heyapat	hair
hi	he
hidim	hit
hikap	hiccup
hil	hill
hilsaid	hillside
hipap	heap up
hipbon	hip bone
hipdap	heap up
hipimap	heap up
hipopotamis	hippopotamus
hit	attempt
hit la hed	knead
hitam	hit repeatedly
hitim	hit
hitimbek	hit back
hitimdan	knock down
ho:nim	butt
hol	all
hol bla entlayon	bed
holbit	all
holdambat	hold
holdim	hold
holdimap	hold up
holdimat	hold out
holdimbek	hold back
holidei	have a holiday
holiwan	holy
holmob	all
holo la tri	cave
hololog	hollow log
holot	all
hom	home
hon	ear
honet	hornet
hop	hop
hos	horse
hosis	horse
hosmen	horseman
hospel	hospital
hospil	clinic
hot	hot
hotbala	hot
hotdog	hot dog
hotenam	heat
hotsisan	hot season
hotwan	be
hotwan win	hot
hotweja	dry season
hotwetha	dry season
hu	who
hu blanga	whose
hugimap	hook
huk	hook
hukspiya	hooked
hukwan bumareing	boomerang
hulot	who
humob	who
i	he
i:ldu	good one
ibimap	heap up
idim	eat
idimap	eat
idiwul	ear
if	if
igal	eagle
igalok	eagle
igin	again
igul	eagle
igulok	eagle
il	hill
iliman	shield
im	he
im deya	that
im deya gin	there
im jarre	that way
im lait lait	firefly
im twistim	twirl
imbala	them
imdubala	theirs
imin jwelap	plump
imin meikim song	maker
imin stak	stuck
imiyu	emu
imjelp	herself
imolabat	their
impotant	important
impotantwan	important
impotanwan	big
impotn	important
imrait	okay
imselp	herself
imti	empty
imwan	his
imwei	his way
indit	isn’t it
ingk	ink
inglijwan en neitib	bee
injaid	centre
injin	engine
ink	ink
inkarij	encourage
inlau	in-law
insaid	inside
insaidpat	flesh of fruit
insaidwan	inner
insaidwei	inner
insek	insect
intit	tag question
intjurens	insurance
intu	into
ip	heap
ipap	heap up
ipbon	hipbone
ipin	heap up
irim	hear
iring	earring
irrim	feel
irrim mijalb	feel
irriwol	ear
irriwul	ear
irriwul jandap	take notice
is	east
iself	her
isi	easily
isibala	easy
isibalawei	easily
isiwan	easy
itj	each
itjaw	cough
itji	itchy
iya	here
iya gin	here
iyal	heel
iyaring	earring
jabala	sharp
jabalajabala	spiny
jabi	comprehend
jabi-jabi	old women
jabibala	clever
jabiru	jabiru
jabo	cat
jabum	chop
jad	that
jadabat	almost
jadan	that
jadap	blocked
jadawei	that way
jadim	shut
jadimap	block
jadjim	judge
jadlot	those
jadmob	those
jag	jug
jagadi	soft
jagadim	buck
jagadimwei	discard
jagar	saliva
jagim	cast
jagim fishinlain	go fishing
jagimad	throw out
jagimdan	drop
jagimin	throw in
jagirri	soft
jagul	penis
jagurl	testes
jainaman	Chinaman
jainbud	signboard
jaini	gold
jaint	giant
jaiyant	giant
jaja	goodbye
jajak	tree species
jajanga	goodbye
jakim	sack
jaldu	OK
jalg	jab
jalg la	pierce
jalgi	bitter
jalgibij	barramundi
jalgifish	bream
jalgim	pierce
jalimadawuk	passion
jalis	be jealous
jaliswan	jealous
jalk	dig
jalkim	inject
jamanjim	accuse
jambum	jump
jamimi	vagina
jamirdi	grandfather
jamp	jump
jamp jamp	jiggle
jampa	jumper
jampap	jump up
jampdan	jump down
jampin	dive in
jampoba	jump over
jampof	alight
jamugu	vagina
jan	sun
jandap	be
jandi	ceremony
jandim	send
jandimap	plant
jandimat	send out
jandimbek	send back
jandimdan	send down
jandimlong	hurry
jandimwei	send away
janggul	jungle
jangidap	east
jangidapwei	easterly
jangudan	sunset
jangudanwei	westerly
janurr	head cold
jaot	shirt
jari	feel sad
jarl	copy
jarramap	close
jarran	that
jarrimap	stir
jarriny	birthmark
jarru	card game
jas	just
jat	suppose
jat roud	Milky Way
jatberlberl	bird species
jatimap	shut
jatsol	that’s all
jawa	sour
je:min	German
je:sti	thirsty
je:t	shirt
jea	there
jedalim	saddle up
jedirl	saddle
jefit	sheriff
jeganen	secondhand
jegapbala	editor
jegbeg	large bag
jegimap	check
jei	they
jeid	shade
jeidubala	they
jeijimap	chase
jeik	shake
jeikim	shake
jeil	jail
jeilgeim	card game
jeilhaus	jail
jeim	embarrassment
jeimwan	same
jeinj	change
jeinjbek	give change
jeinjeinj	alternate
jeinjim	change
jeinjoba	exchange
jeisim	chase
jej	church
jek	jack
jek dongki	donkey
jekapim	rebel
jekit	blouse
jekjan	injection
jel	alone
jelas	be
jelas la im	be
jelasbala	jealous
jelisim	envy
jelp	each other
jem	jam
jemani	Germany
jemwij	sandwich
jenyo	sour
jerrimoni	ceremony
jes	breastbone
jesim	chase
jeya	there
jibdim	move
jidan	be
jidan kwaitbala	sit quietly
jidan la rok	strong
jidaning	be sitting
jididi	quail
jidim	cheat
jidindan	sit
jigi	brown
jigi aul	Masked Owl
jigi yem	yam
jigiaul	boobook
jigibala	ant
jigibala la	teasing
jigibala teist	bitter
jigibalawei	dangerously
jiginat	stick out
jiginim	pierce
jigininbala	penetrating
jigininbalawan	penetrating
jiginok	firebird
jigiwan	dangerous
jigiwan aligeda	saltwater crocodile
jigiwan aligeida	crocodile
jiji	horse
jik	cheek
jikibala	anger
jikin	chicken
jikinok	brown goshawk
jikinwan	cowardly
jikiwan	aggressive
jilip	sleep
jilipiai	be sleepy
jilipibala	sleepy
jimadwan	clever
jimbijamba	fish species
jimejim	destroy
jimel	smell
jimelim	smell
jimogiyai	blind
jimok brom faya	heat haze
jimok burrum faya	heat haze
jinareishan	generation
jineik	snake
jinek	snake
jing	sing
jing jing	suck breast
jingat	call out
jingat yagay	ouch
jingating	calling
jingdan	sink
jinggabat	consider
jinggali	be
jinggarlibala	proud person
jinggi	decomposing
jingginat	bark
jinginat	calling
jingit	think
jingulili	blackberry
jini dongki	donkey
jinigap	sneak up
jinikim	sneak up
jinjabred men	gingerbread man
jinma	shark
jinuj	muscle
jip	potato chip
jiraf	giraffe
jirjirdok	pardalote
jis	just
jistabat	almost
jit	sheet
jitja	sister
jo	beard
jo:tbala	short
job	job
joba	sober
jodaba	sort of
jodbala	short
jogim	choke
jogum la wada	soak in water
joinap	join
joindap	joining
joinim	join
joinimap	join
joinin	join in
joininwan	joined
joint	stalk
jojpan	saucepan
jok	spring
jolda	shoulder
joldableid	shoulder blade
jop	shop
jotkat	shortcut
jotmoa	berry
jow	show
jowing	showing
jowum	show
jubij	jewfish
jubuk	dive
judum	shoot
juga	sugar
jugabeg	honey
jugabeg bi	sugarbag
jugabeg blai	bee
jugabeg flai	bee
jugalib	tree
jugi	four-wheel drive vehicle
jugong	dugong
jugubeg	wild honey
juju	corroboree
jukdan	bend over
jukijuki	four-wheel drive vehicle
jukjuk	chicken
juljul	horny
julou	slow
julubala	slowly
julugan	banana
jululuma	navel
julurruma	umbilical cord
jumbago	native
jumelim	smell
jumok	smoke
jumokin	smoke
jumokum	cure
junggai	boss
jungungu	tobacco
junikeik	damper
jupdan	stoop down
jupi	blackcurrant
jupjup	soup
juriny	horny
jurratj	diarrhoea
jurribala	three
jurru	through
jus	choose
juspat	juice
jusum	choose
jutbi	blackcurrant
juwa	sore
juwei	swearing
juweirring	swearing
juweta	cardigan
juwing	swing
juwis	drooling
juwum	chew
jwalorrum	swallow
jwelap	swell up
jwolap	plump
jyu	dew
ka	car
kaan	cannot
kaan kemp	forbidden
kabadap	rub
kabadi	drink
kabaditaim	midafternoon
kabarroba	cover over
kabed	cupboard
kaburrumap	bury
kad	cards
kadim	break open
kadimap	carry
kadimat	interrupt
kadimbek	carry back
kadjak	have intercourse
kain	kind
kainaba	type of
kainbala	kind
kainbalawei	kindly
kainwan	kind
kainwei	kindly
kaiyabam	tree
kajin	mother-in-law
kajolaim	cuddle
kajulum	embrace
kaka	defecate
kakaji	goanna
kala	colour
kala olisem bandiyan	brown
kalarim	colour
kalawan	coloured
kalbiri	cavalry
kaliko	bedspread
kaliku	tent
kalimap	moonrise
kam	become
kaman	come
kaman futwok	walk
kamap	arrive
kamat	arrive
kambek	come back
kambek bumareing	boomerang
kambiny	egg
kamdan	come down
kamel	camel
kamin	come in
kaminap	appear
kaminat	come
kamiya	come here
kampani	company
kampeni	company
kampiny	egg
kamyunyan	communion
kan	cannot
kan wok	weak
kanbis	canvas
kanboi	convoy
kangfu	hitting
kangurri	yam
kansil	council
kantim	count
kantri	country
kantriman	fellow countryman
kantrimen	countryman
kap	calf
kapati	cup of tea
kapatidaim	tea break
kapiket	copy
kapinta	carpenter
karajong	kurrajong
karant	currant
karanyirringba	lots
kard	playing card
kardamap	carry
karraborri	corroboree
karrakkarrak	darter
karrijong	kurrajong
karrijong tri	tree
karrim	carry
karrimap	carry
karrimap la sholda	carry on shoulder
karrimat	carry
kasin bratha	cousin
kasin sista	cousin
kastad epul	tree
kastam	custom
katakros	shortcut
katam	cut
katamat	cut out
katapila	caterpillar
katapwan	sliced
katim	cut
katimap	rain
katlain	line
kau tok	moo
kauboi	cowboy
kauboi but	boot
kauboi kantri	hilly area
kaundim	count
kaundimap	count up
kaundimat	count out
kayay	be horny
kayilimap	gather
ke:li	curly
keib	cave
keib bla nos	nostril
keik	cake
keingurru	kangaroo
keipok	kapok
keipok tri	bush
kelenda	calendar
keliko	canvas
kelinda	calendar
kemp	bed
kemp bla insek	camp
kempinat	camp
kemra	camera
kemul	camel
kenbis	canvas
keraban	caravan
kerisin	kerosene
kerisinwud	kerosene wood
keriyim	carry
kerosinwud tri	Hakea
kerriimap	carry
kerrim	pregnant
kerring	pregnant
ket	cat
ketfis	catfish
ketfish	catfish
ketul	cattle
ki	key
kid	child
kidikidi	kid
kidni	bladder
kijimap	arrive
kikim	kick
kikin	alive
kikinap	throw a tantrum
kil	be killed
kila	killer
kilaimap	climb
kilim	hit
kilim fish	catch fish
kilogrem	kilogram
kilomita	kilometre
kin	able
king	best
kingbraun	snake
kingfisa	flycatcher
kini	skinny
kinu	canoe
kinu pedul	canoe paddle
kipgon	continue
kipgon jalg	jab
kipum	have
kisim	cuddle
klab	social club
klaimap	climb up
klas	classroom
klaud	cloud
klaud garrim ren	cumulus
klaun	clown
kleba	clever
klebabala	clever
klebabalamen	smart person
klebabalawan	clever
klebabalawei	cleverly
klebawan	clever
klebawei	cleverly
klei	clay
klepin	clap
klia	clear
klif	bank
klin	clean
klinap	clean up
klinbala	clean
klinbalawan	clean
klinim	clean
klinimap	clean
klinskin	blank tape
klinwan	clean
kliyawan	clear
klok	clock
klos	close
klosim	close
klosimap	close up
klothing	clothing
koat	court
kob	cough
kodan	cotton
kofi	coffee
koginatgrob	coconut grove
kokanat	coconut
koki	parrot
kokreg	loincloth
kokroj	cockroach
kokwud tri	corkwood
kol	charcoal
kol bla faiya	ashes
kolbala	cold
kolbala pleis	cool place
koldringk	cold drink
kolimdan	cool down
koljeid	cool shade
kolsek	coalsack
kolsik	common cold
kolsisan	cold season
koltaim	cold season
kolum	call by name
kolwan	be cold
kolweja	cold weather
kolwetha	cold season
kolwethataim	cold season
komic	comic
komyuniti	community
kona	corner
konkinberri tri	tree species
kopa	copper
kopawan	copper
kopi	copy
kopiwan	copied
koris	chorus
koroburi	corroboree
kos	because
kot	coat
kothaus	courthouse
kotimbek	question
kotin	cotton
kotkeis	court case
kout	coat
kowarri	shield
krai	cry
kraingki	angry
krasam	cross
kraul	crawl
kraulabat	crawl
kraun	crown
krean	crayon
kreb	crab
kreibij	crayfish
kreikinap	ragged
krein	crane
kreingki	foolish
krek	crack
krek-krek	crack
krekim	break
krela	cockatoo
kren	White
krik	creek
krikbed	Little Creek
kriket	cricket
krikid	crooked
krikidwan	crooked
krim	cream
kriol	Creole
kripa	creeper
kripap	creep up
kripul	cripple
kripulap	cripple
kripulbala	crippled person
kripulum	cripple
kripulumap	cripple
kripulwan	crippled
kro	crow
kroba	crowbar
krofish	crayfish
krokadail	alligator
krokodail	crocodile
krol	crawl
krol kriol	crawl
krol krol	crawl
kroling	crawling
kros	cross
krosim	cross
krosing	crossing
krosoba	cross
kroswei	across
krukidwan	bend
krukmen	criminal
krul	cruel
krulbala	cruel
krulbalawei	cruelly
krulwan	cruel
krusifai	crucify
krusing	cruise
kudarrgu	brolga
kudun	unable to
kuk	cook
kukabarra shel	shell
kukubarra	kookaburra
kukum	cook
kukwan	cooked
kul	cold
kulaman	coolamon
kuldring	cool drink
kuliba tri	tree
kuluj	clothes
kulujap	nearby
kulumap	cool
kumbu	urine
kumirr	blackberry
kundarr	tree
kuninyarra	tree
kuwana	corner
kuwi	koel
kwait	calm
kwaitbala	ill
kwaitbalawei	quietly
kwaitnim	quieten
kwaitok	firebird
kwaitsneik	snake
kwaitwan	quiet
kwaitwei	quietly
kweil	quail
kwesjinim	question
kwesjinmak	amazement
kwestjan	question
kwestjanim	question
kwik	fast
kwikbala	quick
kwikbalawei	quickly
kwikenkwik	quickly
kwin	queen
kyusim	milk
la	along
la bilibong	frog
la bodam	underneath
la frant la	this side of
la lid	ahead
la midul	halfway
la solwoda	she-oak
la ston	rock snake
la tharran	to that
la tri	green tree frog
labam	like
labda	have to
labinjaga	kookaburra
labli	lovely
ladim	allow
laf	laugh
lagijat	do
lai	lie
laib	alive
laibala	alive
laibalawan	live
laibliwan	active
laibwan	live
laidim	light
laidimap	light
laif	life
laiga	like
laigim	appreciate
laik	like
laik bandiyan	snake
laik barramandi	catfish
laik wijidi	soft
laim	lime
laim woda	limewater
lain	line
lainap	line up
lainbala	lying
lainimap	line up
laininrein	thunderstorm
lais	lice
laisan	dog tag
lait	fire
lait peipa	tracing paper
laita	cigarette lighter
laithawus	lighthouse
laitim	light
laitim faiya	light
laitimapbat	light
laitining	gecko
laitti	weak tea
laitwan	float
laitwan jindiyindi	tree sp
laitwan kain tri	tree
laiya	lie
laiyan	lion
laiyawan	liar
laiyawei	lyingly
laiyinbala	liar
laiyinbalawan	liar
laiyinbalawei	lyingly
laja	leather
lajaim	last round
lakamap	lock
laki	lucky
lakiwan	lucky
lambarra	father-in-law
lamp	lamp
lampwan	nugget
landin	land
lang	lungs
langa	along
langa wadi	blue-tongue lizard
langgus	big words
languna	black swan
langurr	ceremony
lanswud	tree
lanswud.	lancewood
larram	allow
larramdan	let down
larramgo	leave
las	at last
lasnait	last night
laswan	final
laswik	last week
lasyiya	last year
lat	lot of
lau	law
laudis	very loud
laumen	lawmen
laus	fleas
laya	lie
laya la mi	joke
lebden	left hand
lebden wolabi	wallaby
lebdenjaid	left side
lebelwan	level
leben	eleven
lebenbala	eleven
lebul	be
lebulum	level
leda	ladder
ledim	allow
ledim go kolbala	feel cold
ledim kol	cool
ledimgo	let go
lef	left
lefdoba	leftover
leften	left hand
leftenbala	left-handed
leftensaid	left side
leftoba	leftover
leftobawan	leftover
leg	back wheels
legpat	extremity
leidan	lay down
leidan beliap	lie on back
leidanlabat	lie down
leidaran	later on
leidi	lady
leig	lake
leigpat	leg
leim	lame
leimbala	lame
leimbalawan	lame
leimwan	lame
leisibala	lazy
leisiwan	lazy
leisiwei	lazily
leit	late
leitbala	late
leklek tri	dead tree
lektrik	electric
lembala	lame
lemen	lemon
lemp	lamp
lempsten	lamp stand
len	learn
lenggwij	big words
lenim	teach
lenswud	tree
leped	leopard
lepisi	leprosy
leprasi	leprosy
leprasimen	leper
les	let’s
lesi	sleepy
lesin	lesson
leta	book
letim go slipriwan	drop
li:d	lead
lib	leaf
lib la keib	rock wallaby
liba	liver
libdimap	lift up
libin	be involved in
libt	lift
libum	forget
libum biyain	leave behind
lid	bone
lida	ahead
lidamob	leaders
lidawan	leading
lidim	lead
lidimap	lift up
lidimbat	lead
lidpat	lid
lif	leaf
lij	leech
lijad	lizard
lijenam	hear
lijinim	hear
lik	leak
likim	lick
liklik	drizzle
lil	little
lil poisin sneik	snake
lilbala	little
lilbalawan	little
lilbe:d	quail
lilbit	a little
lilbit blekwan	black
lilbit lait braun	flying fox
lilbit longwei	close up
lilbit redwan	chestnut-coloured
lilbit redwan buj	plant sp
lilbit waitwan	black
lilboi	boy
lilboiwan	boyish
lilboiwei	boyishly
lildak	duck
lilgel	female
lili	lily
lili rut	lily root
liligal	kite
lilil	little
lililwan	small things
lilirut	water lily
lilisid	lily
lilistem	young
lilkid	child
lilkrela	corella
lilkwin	lazy
lilpleiwan	mini
lilwail	while
lilwan	a little
lilwan bidul	beetle
lilwan bingga	finger
lilwan blanbo	flying squirrel
lilwan blekwan ent	ant
lilwan braunwan frog	frog
lilwan dakdak	duck
lilwan dog	dog
lilwan ebriweya	blue-tongue lizard
lilwan gras lisad	skink
lilwan hol	hole
lilwan jugabeg	little
lilwan ketfish	small
lilwan krela	corella
lilwan lif	leaf
lilwan lijad	skink
lilwan lilwan buj	shrub
lilwan lilwan fish	fish
lilwan lilwan lijad	lizard
lilwan lilwan stik	plant
lilwan skopiyan	scorpion
lilwan stik	branch
lilwan tomiok	axe
lilwan yangwan barramandi	barramundi
lilwantaim	in childhood
lim	branch
lin	bend
lindim	lend
linggo	big words
linggu	big words
linngu	language
lip	leaf
lipda	crane
lipdim	lift
lipdimap	lift
lirrga	lizard
lirri-lirri	tree sp
lisin	listen
lisining	listen
lita	litre
lo	culture
lobala	low
lod	load
loda	lots
lodabum	lot of
lodan	below
lodanwan	low
lodimap	load up
loding	cargo
log	log
logabat	look around
lok	lock
lokap	jail
lokimap	imprison
loklok	lizard
lokpat	lock
loli	sweet
loliwoda	soft drink
long	long
long ai	honeycomb
longam	long-sleeved
longbala	long
longiswan	very long
longnek te:tul	turtle
longtaim	early days
longtaim pasdam	long time ago
longtom	long tom
longwan	high
longwan wadi	long
longwan yemstik	fighting
longwei	distant
longwei kantri	foreign country
los	lost
lostim	lose
lourr	hug
lowan	low
lowan graun	island
loya	lawyer
lua	fishing lure
lubis	louvres
ludan	low
lugabdim	look after
lugabdum	look after
lugap	look up
lugaran	search
lugarta	look after
luginat	observe
lugunat	look
lujim	lose
luk	look
lukabat	look
lukabdimbat	be kind to
lukaftum	look after
lukap	look up
lukaran	glance back
lukarta	have
lukat	lookout
lukbek	glance back
lukdan	look down
lukinat	observe
lukluk	be dead
lukum	look at
lumbuk	pigeon
lus	die
lusum	forget
mEn	person
ma	begin
mabul	marble
mabultri	ash tree
mad	mud
madi	muddy
madkod	cod
madwan	mad
magabala	yam
magaramap	ruin
magim	mark
mai	my
maiamaya	mad
maila	pass
main	mine
maind	brain
maindim	care for
maindim mijalb	balance
maindimbat	be kind to
mainmak	good
mainwan	mine
maiself	me
mait	might
maitbi	don’t know
maitbi madkod	rock cod
maitj	vow
maiyal	mad
maiyalbala	wild
maj	much
majan	mustn’t
majarim	mustering
majblai	fly
majurrum	assemble
mak	brand
mak la samting	mark
makam	mark
makim	brand
makraun	idle
mala	us
malat	mullet
malawarra	tree
mali	mother-in-law
mama	food
mami	aunt
mami en dadi	mother and father
mami milk	breast milk
mamiwan	female
mamman	grandfather
mangei	very good
mangga	vagina
manggrul	stupid
mangki	monkey
mangumangu	be promiscuous
mani	coin
maniboks	money-box
manija	boss
manjong	useless
mans	months
mant	month
manth	month
mantin	hill
manuga	money
maont	mount
mardpi	maybe
marid	be married
marlabangu	mussel
marluga	old man
marrayin	song
marrunggun	bush fruit
marrut	save for
mas	mask
masal	mussel
masbi	maybe
mashrum	mushroom
maskitu	mosquito
mastarrim	gather
masul	mussel
matha	mother
matiriyal	material
matj	many
maus	bandicoot
mauspat	microphone
mawus	rat
med	engrossed
medisin	disinfectant
medmed	mad
medwan	mad
megajin	magazine
megit	maggot
megm	copy
megpai	Australian magpie
meigapwan	artificial
meigidat	figure out
meigim	add
meigim dai	hit
meigim goin	enter
meigim gudbala	explain
meigim hip	push in
meigim leidan lagijat	face down
meigim misalb strong	balance oneself
meigim smolwan	crumple
meigim strongwan	strong
meigimbat spiya	make
meik	cause
meikim	build
meikim dirrwu	throw in
meikim im hevi	make heavy
meikim jamp	frighten
meikim nois	drone
meikim shabala	make sharp
meikit	succeed
meikshuwa	make sure
meil	cheque
mein	important
meinggo	tree
meit	friend
meit bla wanarr	possum
meitmeit	pair
mejis	matches
mejurim	aim
mekim hot	cook
mekim jigibala	cheeky
mekim nois	make sound
mekim sikbala	no good
mekshuwa	ensure
mel	cheque
mela	us
melabat	our
melan	melon
men	Aboriginal
mendim	mend
mendimap	mend
menggo	tree
mengrob tri	mangrove tree
meni	many
menida	crocodile
menija	manager
menijim	manage
mep	map
merigoraun	merry-go-round
merrit	marry
merritmen	married man
mes	mess
meshurum	measure
mesij	message
mesika	massacre
mesinja	messenger
met	mat
metbaga	mad
metj	match
metjis	matches
mi	I
miau	miaow
mibala	we
midap	meet up
midap. midim	meet
midim	meet
miding	meeting
midnait	midnight
midsap	meet up
midubala	we
midul	centre
miduleij	middle-aged
midulnait	midnight
midulpat	middle
midulwan	middle
midulwan bingga	finger
miga miga	leech
migamiga	flea
migim	make
mijalb kantri	alone
mijalb mijalb	different
mijamet	together
mijelb	oneself
mijelb kantri	alone
mijelb mijelb	individually
mijij	European woman
mikenik	mechanic
mikibul	bull
miksap	be confused
miksimap	add
milat	we
milga	hip bone
milimili	book
milk	breast
milk sneik	milk snake
milk snek	milk snake
milkim	milk
milking kau	milking cow
milkiwe	Milky Way
milkiwei	Milky Way
milksneik	milk snake
milktri	kerosene wood
milwan	middle
milwoda	deep water
milyan	innumerable
mimba	remember
min	mean
minalabat	we
minbala	we
mindim	mend
mindubala	we
mini	lots
minim	we
minimminim	blink
mining	meaning
minista	clergyman
minjim	crush
minminlait	Ghost light
minyu	we
mipela	we
mira	mirror
mirakul	miracle
mis	miss
misal	itchiness
misdim	miss
miselp	herself
misgida	mosquito
mishan	mission
mishanri	missionary
mishin	machine
mishin gan	machine gun
misis	European woman
mista	mister
misteik	make mistake
mistim	miss
mistimmistimbat	stagger
mit	meat
miting	meeting
moa	more
mob	associates
mobaja	further
mobayl	mobile phone
mobeda	better
mobedawan	better
mobedawei	better
modabaik	motorbike
modalans	motorboat
modibaik	motorcycle
modiga	car
moghaus	morgue
mokim	mock
molobondok	lizard
moni	money
moning	morning
moning sta	Venus
moningsta	Venus
moningtaim	morning
monsta	monster
mop	broom
mopim	mop
motha	mother
moyi	tree
mub	move
mubabat	jiggle
mubingwoda	moving water
mubum	move
mudiga	motor car
mudubaik	motorbike
muduga	car
mug mug	mopoke
mukmuk	owl
mula	daughter
mulabanda	gecko
mulalu	root
mulungwa	killer
mun	month
mun gudan	set
mun kamap	moonrise
munanga	European
munanga eks	axe
munda	lame
munlait	moonlight
munmen	mythical being
munyumunyu	father-in-law
murlurri	cousin
murnda	muscle
murndamen	muscleman
murrunggan	blackcurrant
muv	move
muvin	move
na	along
nada	another
nadasaid	other side
naf	adequate
naga	breechcloth
nagap	tire
nagid	naked
nagop	finish work
naif	knife
nain	nine
nainbala	nine
nais	good
nait	night
naitaim	dark
naitaul	boobook
naitingeil	nightingale
naja	other
najalot	different group
najamob	others
najan	another
najapleis	another place
najasaid	another side
najatu	other two
najawan	another
najawei	another direction
najing	in vain
nak	knock
nakat	fall asleep
nakimbek	retaliate
nakimdan	hit
nala nala	fighting
nalanala	club
namba	letter
nambawan	big
namo garrim rein	clouds
nanga	along
nangi	this one
nap	already
napkin	napkin
nardi	Sand Frog
narro	narrow
nat	neg
nat maj	few
natful	empty
natha	another
natwes	worthless
nau	now
nayn	nine
ne:boswan	excited
neba	didn’t
nebal	navel
nebamain	don’t
neidib	aborigine
neidib jumbago	native
neidib kompenyan	brolga
neidibket	feral cat
neigidbala	naked
neigidwan	naked
neil	fingernail
neilap	be nailed
neilbush	tree
neilfish	fish species
neilimap	nail up
neim	name
neimim	name
neitib ket	cat
nek	nape of neck
nek bla be:d	neck
nekdei	next day
nekleis	necklace
nekstaim	next time
nekswan	next
nel bla fish	fin
nenigout	goat
nerro pleis	narrow place
nes	bed
neshan	nation
nest bla be:d	bed
net	basket
net bla fishing	basket
netib ket	cat
nevpat	electrics
nga	okay
ngabi	correct
ngabuji	father-in-law
ngabulgen	dead body
ngaja	ask for
ngalei	Oh yeah
ngaminngamin	card game
ngamuri	father’s father
ngangi	what’s this
ngar	erect
ngaridi	power
ngarlmarr	armpit
ngarnanngarnan	be alone
ngarni	but
ngatju	generous
ngatjurr	be generous
ngei	like
ngi	correct
ngirr	bark
ngulumurrun	pubic hair
ngurridin	wild banana
ngutju	generous
ni	knee
nibali	nephew
nidil	needle
nidilim	inject
nigilij	necklace
nildan	crouch
nili	almost
nin nin	finch
nirrinirri	fly
nis	niece
nisim	eject
no	know
nobodi	nobody
nodis	notice
nogab	tire
nogud	bad
nogudbala	bad
nogudbala gabarra	cranky
nogudbala wota	brackish water
nogudbalawan	sinful
nogudbalawei	sinfully
nogudbinji	be displeased
nogudbinjiwei	sadly
nogudwan	bad
nogudwei	badly
nohop	impossible
nois	noise
nok	knock
nokam	knock
nokamdan	knock down
nokap	be
nokimap	tire
nokimdan	knock down
noking	nodding
nomeda	like
nomedsa	disregarding
nomo	never mind
nomo balgin	sweet
nomo gadem faiya	cool place
nomo gadem teist	tasteless
nomo gadem waiya	spear
nomo gadim	without
nomo gadim ngaridi	lame
nomo gadim teist	tasteless
nomo kin mub	ill
nomo klinbala	dirty
nomo klinwan	black
nomo ledim tajim	forbidden
nomo sabi	don’t know
nomo shapwan	blunt
nomo sikbala	healthy
nomo trubala	lie
nos	nose
not	knot
noth	north
nothwin	north wind
notisim	notice
noum	know
nowan	no one
nowedaba laiya	true
nuga	money
nugud	no-good
nugudbala	bad
numu	no
nusanwan	nuisance
nyali	be pleased
nyamurni	delicious
nyangarri	greedy
nyarr	good
nyart	penis
nyartnyart mijelb	masturbate
nyilip	fast
nyingaya	desire
nyu	fresh
nyubala	new
nyubala bebi	baby
nyubon	newborn
nyubonwan	newborn
nyugurr	forbidden
nyukurr	sacred
nyukurr teibul	altar
nyumumnyumum	have intercourse
nyumun	be on top
nyus	news
nyusans	nuisance
nyuskeriya	go-between
nyutestamen	New Testament
nyuwan	fresh
nyuwan bebi	baby
ny~u	new
ny~ubala	new
o	oh
o bigwan	big
oba	over
obajea	over there
obin	open
obinim	open
obiningwei	door
obis	office
obisamen	clerk
oda	ought to
odinriwan	ordinary
odinriwei	ordinary
ofsaida	assistant
oil	oil
oim	owe
oista	oyster
ojioji	horse
ok	eagle
okei	okay
oktapus	octopus
ol	all
ola	a lot
olabasadn	suddenly
olabat	their
olagija	altogether
olat	all
olataim	continuously
olawei	all the way
olbala	falling a part
olbalawan	old
olbit	all the way
olbrij	Old Bridge
olda	halter
olde lukabat gula	humbug
oldei	all day
oldendaim	olden times
oldentaim	early days
oldes baba	brother
oldim	hold
oldim gabarra	confirmation
oldim la hen	hold in hand
oldindeis	old-time
oldtaim tomiyok	axe
olfeshanwan	outdated
olgamen	old woman
olgolgamen	old women
olgolgomen	old women
olgomen	girl
olgumen	woman
olidei	holiday
oligija	all over
olim	hold
olkain	all kinds
olkain frog	any kind
olkainaba	all kinds of
olmen	Aboriginal
olmen gwena	big
olmenolmen	men
olnait	all-night
olot	whole lot
olpipul	old people
olrait	for sure
olredi	already
oltestaman	Old Testament
olum	hold
olwan	falling a part
olwan olgomen	old woman
olwuman	old woman
omom	warm
on	horn
onap	own up
onli	only
onli fo	covered with
onself	ownself
ontop	above
openbala	open
opin	available
opin kantri	bald
opinap	open up
opinbala	open
opinim	open
opinimap	open
opinimat	open out
opinwan	open
opinwei	openly
orait	OK
oredi	already
orinj	orange
orla	the
os	horse
ostritj	ostrich
ot	hot
ova	over
owat	what
owumbek	pay back
pEjin	person
pa	distant
pagit	pocket
pai	pie
paibol	piebald
paibul snek	not poisonous
pailap	pile up
pailimap	pile up
pailit	pilot
pailitim	pilot
pailitmen	pilot
painwud	ironwood
paip	pipe for smoking
paiya	fire
pajam	be longer
pajimbek	return
pajoba	win
paketwan	packet
pamp	pump
panapul	pineapple
panish	be punished
panishim	punish
panishmen	punishment
pans	panties
paoda milk	powdered milk
papit	doll’s house
pappap	dog
parralais	entranced
parralaisim	paralyse
parrik	fence
pas	past
pasawei	die
paspas	pass by
pautj	pouch
pawul	fowl
pedik	paddock
pedil	petrol
pedul	paddle
pedulim	paddle
pedulum	paddle
peg	peg
peghos	pack horse
pegimap	pack up
pei	pay
peibek	pay back
peidei	pay
peij	page
pein	pain
peindim	paint
peining	pain
peint	clay
peintim	paint
peinting	painting
peipa	book
peipabak	big
peipabak hampi	rounded
peipabak hawus	rounded
peipabak kulaman	coolamon
peipabak totj	firestick
peipabak tri	paperbark
peipibak	paperbark
peis	face
peisim	confront
peiyim	pay
peiyimbek	pay back
pejin	person
pekimap	pack up
penkeik	pancake
pensil	pen
pepul	purple
pepulwan	purple
perashut	parachute
perit	parrot
perrish	be famished
perrit	parrot
perritfis	parrotfish
perrol	petrol
pidim	feed
pigipigi	pig
pijin	Dove
pikap	learn
pikat	choose
pikimap	learn
pikimat	choose
pikinik	outing
pikinini	baby
pikok	peacock
piksimap	erect
pilam	feel
pilitim	pilot
pinapek	spinifex
pinat	peanut
pinij	end
pinijim	complete
pinjim	pinch
pinsal	pen
pipinat	peep out
pipul	people
pirrki	coals
pirteita	potato
pis	piss
piteta	potato
pitja	film
pitjirrim	picture
piwi	magpie-lark
plam	dried fruit
plandimbat	plant
plat	stop work
platat	quickly
plei	fun
pleibat	play
pleibat la woda	play
plein	aeroplane
plein keinggarru	kangaroo
plein keinggurru	kangaroo
pleiran	fool around
pleis	place
pleit	plate
pleiwan	toy
pleiwan spiya	spear
pleiyim	play
pleiying	play
plen	plan
plendam	hide
plendi	plenty
plenim	plan
plent	be hidden
plentim	plant
plij	please
plismen	constable
plisteisan	police station
po	about
podabul	portable
poget	forget
poisin	onion
poisin sneik	brown
poisin snek	brown
poisinbala	poisonous
poisinim	poison
poisinwan	poisonous
poka	poker
poket	pocket
pokipain	echidna
pokum	poke
pol	pole
polismen	policeman
popo	pawpaw
porij	porridge
portab	mobile phone
posam	possum
posam daga	plant species
posam la rok	possum
post bla doa	door post
pot	pot
poto	photograph
potri	pottery
praba bigwan frog	brown
prablam	problem
prabli	proper
prabli naitaim	at night
prabli spot spot	spotty
praibit	personal
praibitwan	belonging to
prais	charge
pramis	promise
pramisim	promise
prapa	genuine
prapa redwan ston	stone
prapawan	proper
prapli	properly
praudbala	proud
praudbalawei	proudly
prea	pray
predimat	deal
prei	pray
preijim	press
preimbat	pray
prem	roof rack
present	present
president	president
presim	pinch
preya	prayer
prikliwan	vine
prisan	prison
prisana	prisoner
prisanamob	prisoners
priskul	preschool
propa	proper
pruf	prove
pudi	pretty
pudum	put
pudum la top	hang
pudumap	put up
pudumat	put out
pudumbek	put back
pudumdan	put
pudumin	put in
pudumon	put on
pudumran	put round
pudumwei	put away
pujum	push
pul	full
pulap	pull up
pulap yem	pull up
pulat	pull out
puldan	fall
pulijmen flai	fly-like
pulteibul	pool table
pulum	pull
pulumap	pull up
pulumat	extract
pulumbek	pull back
pulumdan	pull down
pulurrim	follow
pupa	larva
pupala	poor thing
purdi	pretty
purdibala	pretty
purdibalawei	prettily
purdiflawa	flower
purdiwan	pretty
purduga	bush medicine
purrum	from
purrumdan	place
purum	pour
pushum	push
pushumat	push out
pushumbek	push back
pushumwei	push away
pusiket	cat
putato	potato
putpat	footpath
puwating	poor thing
pwima tri	tree
rab	rob
raba	eraser
rabam	rub
rabijbin	rubbish bin
rabijim	break law
rabim	grind
rabish	discarded
rabishdam	rubbish dump
rabishim	insult
rabishwan	useless
rabishwei	uselessly
rabum	rub
rabumat	erase
rabumof	rub off
raf	hard
raftaim	rough time
rafwan	rough
rafwan ston	rough
rafwei	roughly
raidap	until
raidim	ride
raidimdan	write down
raifol	gun
raiful	gun
raiful fish	archerfish
rainosris	rhinoceros
rais	rice
raisap	rise up
rait	correct
rait am	right hand
rait bingga	right hand
rait skin	marriageable
rait thru	directly
raitap	Right Up
raitdan	right-down
raithenmen	assistant
raitim	write
raitiya	here
raitwan	right
raitwei	rightly
rajap	until
rambi rambi	snake
ramp	buttocks
ran	drive
ranam	run into
ranamap	round up
ranap	run up
ranat	exhaust
ranawei	escape
ranbek	run back
randimap	gather
ranim	run
ranimap	catch
ranimbek	drive back
ranin abat	many
raning geit	cattle grid
raning toilet	diarrhoea
raningwoda	running water
ranwei	backslide
rapimap	wrap up
ras	rust
rastiwan	rusty
raun	circular
raun binji	round
raunbala	round
raunwan	circular
raunwan daga	round
raunwan laik spiya	spear thrower
raunwan wumara	spear thrower
rauwan ston	round
rebit	rabbit
red	red
red hot ston	red hot
red lili	water lily
redant	ant
redended	by surprise
redi	prepared
redibala	ready
rediredi	walking stick
rediyo	radio
redkol	burning coal
redoga	red ochre
redoka	ochre
redulum	strum
redwan	burning coal
redwan ashis	ashes
redwan binji	edible
redwan blanbo	black
redwan graun	red
redwan kol	ashes
redwan o kolbala	charcoal
redwan stons	red
redwan wing	parrot
reikim	rake
reilwei	railway
rein	rain
rein slaisim	rain
reinbe:d	koel
reinbo	rainbow
reinbo jinek	rainbow serpent
reinbo sneik	rainbow
reindiya	reindeer
reinjim	organise
reinklaud	rain cloud
reintaim	rainy season
reinwoda	fresh
reisinka	racing car
reito	righto
reiza bleid	razor blade
reken	give opinion
releshan	fellow countryman
ren	rain
renbo	rainbow
renbo snek	rainbow
reng	arsehole
rentaim	rainy season
res	race
reslim	wrestle
restim	balance oneself
ret	mouse
rib	chest
rib bon	rib
riba	creek
riba wisling tri	oak
riba wolabi	kangaroo rat
ribasaid	riverside
ribbon	rib
ribgija	side by side
rid	read
ridim	interpret
ridimat	readout
rigin	claim
rijim	chase
ril	real
rili	really
rili wait	white
rili wetwan	really
riligudwei	excellently
riliwan	genuine
riliwei	excellently
rimaindim	remind
rimimba	remember
ringap	call
ringim	call
ringimap	erect
rinso	washing powder
rinsomen	masturbator
ripim	speed
ritjbala	rich
ritjmen	rich person
ritjwan	rich
roba	robber
robala	rough
robin	robin
rod	road
rodio	rodeo
rok	hill
rok kantri blanbo	sugar glider
rok keinggurru	euro
rok kod	Northern
rok wolabi	rock wallaby
rokantri	rocks
roket	rocket
rokpleis	gorge
rokples	gorge
rolapwan	rolled up
rolawei	roll away
roldap	curled
rolim	roll
rolimap	crumple
rolimbek	rollback
rolimwei	roll away
ron	own
ronbalawei	one’s own way
rong	incorrect
rongwan	wrong
rongwei	incorrectly
ronselp	ownself
ronwan	belonging to
rop	rope
ropimap	lasso
roptri	green plum
rorring	lightning
rostidwan	roasted
rostim	cook
rostim la aben	cook
roud	path
roudwei	roadway
roup	rope
rowan	raw
rud	obscene
rudas	roadhouse
rudi	prepared
rudimat	destroy
ruding	sexual intercourse
rudiyimap	prepare
rudwei	obscenely
ruf	roof
rufpat	roof
rul	law
rula	ruler
rulim	rule
rulum	roll
rulumap	roll up
rum	room
runggai	edible root
runimdan	destroy
rusta	rooster
rustim	cook
rut	root
rutpat	root
sa:dwei	alongside
sabi	know
sabol	shovel
sad	be sad
sadisfai	satisfy
sadnis	sadness
saf	soft
safring	suffer
said	bank
saidpat	side
saidwei	sideways
saiklon	cyclone
sain	shine
sainboad	signboard
sainbod	signboard
saini	bright
sainim	shine on
saipris	cypress
sais	size
sak	shark
sakamsisin	circumcised
saladoda	catfish
salid	big
salki	jealous
saltim	chase
sam	some
sama	level
samaram	be similar
sambala	some
sambodi	somebody
sambodimob	some people
samtaim	sometimes
samting	something
samwan	someone
samweya	somewhere
san	brother’s son
san gudan	go down
sanap	daytime
sandan	sunset
sangidap	east
sangidapwei	east
sangodan	west
sangodanwei	west
sangraun	sand
sanraisaid	east
sanraiswei	east
sanrij gowena	goanna
santa	centre
sapa	dinner
sathan kros	Southern Cross
saun kambek	echo back
sauth	south
sauthsaid	south
sauthwei	south
sawa	sour
sbaida	spider
sdoping	live
sdring	nerves
se:	sir
se:kul	circle
seben	seven
seben sista	Pleiades
sebenbala	seven
sebenwan	seven
sebin	seven
sebis	service
sebra	zebra
sed	grieved
sedalim	restrain
sedildan	cease
sedilmen	settlement
sedimap	set up
seduldan	quieten
sedwan	feel sad
sei	do
seibum	build up
seibya	saviour
seidilaig	Satan
seik	sake
seikrid	sacred
seikridwan	sacred
seikrit serramoni graun	secret
seim	embarrass
seimbala	same
seimpleis	same place
seimtaim	same time
seimwan	same
seimwei	same way
sekanwan	second
sekrit	forbidden
selim	sell
sen	sand
sen gwena	sand goanna
senbeingk	sandbank
senbitj	beach
sendim	send
senflai	mosquito
senfrog	Sand Frog
sengraun	dirt
senhil	sandhill
senrij	sand ridge
senrij gowena	goanna
sens	cents
sent	cent
sentamita	centimetre
sentapid	centipede
senwan	sand
separetim	separate
serramoni	ceremony
setat	arrive
sewijes	sandwiches
shabal nos spiya	spear
shabal spiya	kill
shabala	sharp
shabala bingga	fingernail
shabalashabala	crown of thorns
shabalawan	sharp
shabul	shovel
shabul spiya	shovel spear
shabulnos spiya	shovel spear
shadan	be killed
shadim	shut
shadimap	close
shadimap ai	blink
shainim	shine on
shainiwan	bright
shak	shark
shalowoda	shallow water
shalowota	shallow water
shap	sharp
shapinim	sharpen
shapkipa	shopkeeper
shapwan	sharp
shat	attempt
shatgan	shotgun
shawa	shower
she:t	shirt
shea	chair
sheaim	share
shedo	shadow
sheid	shade
sheidi	shady
sheidi tri	hairy
sheiditri	shade
sheigen	shake hands
sheigim	shake
sheik	shake
sheikan	handshake
sheikimap	shake
sheim	be embarrassed
shek	shiver
shekim	shake
shel	mussel
shel bla sneil	snail-shell
shel bla snel	snail-shell
shela	shallow
shelawota	shallow water
shelifish	shellfish
sherrim	shear
sheya	share
shifdim	shift
shiftim	move
shiftim misalb	move
shiftimat	shift off
shil	shield
ship	sheep
shis	cheese
shit	faeces
shitibain	corrugated iron
shiva	shiver
shoim	point out
sholda	shoulder
sholda bleid	shoulder blade
sholdabon	shoulder blade
shop	shop
shopa	chopper
shoping	shop
shopkipa	shopkeeper
shot	short
shot nek dadul	tortoise
shot nek tadul	tortoise
shotbala	short
shotgan	gun
shotkat	abbreviation
shotkatwei	short cut
shotleg	fall short
shotwan	female
shotwan fetwan	death adder
shotwan naif	knife
shotwan nek	big
shotwan trausis	shorts
shotwan yemstik	short
shotwin	be
shoulda	shoulder
shoum	show
shud	should
shudum	hit
shuga	sugar
shugabeg	honey
shugabeig flai	bee
shugakein	sugarcane
shuid	short
shuis	shorts
si	look
sibo	bull
sid	eye
sidan	be
sidan jalgibala	be
sigal	sea bird
sigaret	cigarette
siim	see
sik	be sick
sikada	cicada
sikap	be fed up
sikbala	die
sikbla	hurt
siknis	sickness
sikpin	five cents
siks	six
siksbala	six
sikswan	six
sikwan	sick
silasita	lawyer
silba	silver
silbawan	silver
sili	mad
silibala	silly
silibalawei	silly
silip	lie down
silipi	sleepy
silipiai	sleepy
silipin	sleep
silipiwan	sleepy
silipiwei	sleepily
silipri	slippery
siliwan	silly
silkwan	silk
sim	see
siman	dreaming
siment	cement
sin	sin
sina	sinner
sing	curse
singam	sing
singat	buzz
singat adbala	scream
singat brabli adbala	scream
singim	curse
singsong	singing
singul	single
singulbala	single
singulgel	girl
singulmen	bachelor
singulwan	single
sinyus	sinew
sisan	season
sisis	scissors
sista	nurse
siwid	eelgrass
siya	see you
siyim	find
siyimbat	look at
skai	sky
skait	boast
skaiting	show off
skaitingaranbat	show off
skatid	curly hair
skatidim	scatter
skatidimat	scatter
skedad	disordered
skedadim	scatter
skedadimat	scatter
skeil	scale
skeilim	weigh
skeilimap	weigh
skelitin	skeleton
skelp	scalp
sket	skirt
sketid	scattered
skid	skid
skidam	skid
skin	fur
skin bla insek	skin
skin gowei	shed skin
skindaiba	skin-diver
skinemapim	beat
skini	sick
skinibala	sick
skinim	skin
skinimap	skin
skiniwan	skinny
skinpat	skin
skinwan	skin on
skipskip	skip
skobiyan	scorpion
skopiyan	scorpion
skopyon teil	sharp
skopyon tel	sharp
skrab	scrub
skrebun	scrape
skretjim	scratch
skrin	screen
skruim	screw
skul	school
skulim	teach
skulimap	teach
skuljildren	schoolchildren
skulkid	schoolchild
skuwerambek	pay back
skwasimap	crush
skweya	square
skweyawan	flat
skwisim	squash
skwisimap	crumple
slaid	slide
slaida	slide
slaisim	rain
slek	backslide
slekap	neglect
slekbala	slack
slekbek	backslide
slekim	make loose
slekwan	blunt
slip	sleep
slipibala	be
slipikod	sleepy cod
slipinwan	sleeping
slipiyai	be
slipri	slippery
slipriwan	escape
slo	gently
slobala	a little bit
slobum	solve
slomojen	lazily
sloping ston	stone
smail	smile
smashimap	destroy
smat	clever
smel	smell
smel gudbala	smell good
smelim	smell
smeshim	smash
smeshimap	smash up
smok	cigarette
smokim	smoke
smokiwan	smoky
smoko	tea break
smokotaim	midmorning
smoktri	smoke tree
smol	small
smol shotwan fish	fish
smolwan	a little
smolwan blanbok	sugar glider
smolwan gwena	strong
smolwan la keib	flying fox
smolwan ston keinggurru	euro
snaipa	sniper
sneik	generic
sneil	snail
snikap	sneak up
snikap la	sneak up on
snikap la samting	sneak up on
snikawei	sneak away
snikibalawei	sneakily
sno	snow
so	so
so:mil	sawmill
sobala	sore
sobawan	sober
sodfish	swordfish
sodimat	sort out
sof	soft
sofbal	softball
sofdringk	soft drink
sofwan	a little bit
sofwan beibi feja	down feathers
soing	sew
sok	soak
soka	soccer
sokis	soak
sol	salt
solda	shoulder
soldiwoda	salt water
solja	guards
soljamob	soldiers
solti	salty
soltiwan	salty
solwada	brackish water
solwada aligeda	saltwater crocodile
solwoda	brackish water
solwoda aligeida	crocodile
solwoda be:d	bridled
solwoda tadul	saltwater
song	song
songmen	singer
sop	soap
sopiwan bla wota	froth
sopmen	masturbator
soptri	tree
sori	be sorry
soribala	sorry
soribalawei	sorrily
soriwan	sorry
sorri	feel
sosij	sausage
sospen	saucepan
sospin	saucepan
souta	type of
sowa	big
sowing	sewing
spai	spy
spaida	scorpion
spaidaweb	spider web
speid	triangle
spel	break
spelim	spell
speshal	special
speshalwan	special
speshalwei	specially
spesilmen	appointee
speyawan	spare
spidbagi	dune buggy
spik	speak
spilim	pour
spilim misalb	spill
spilimat	spill out
spindim	spend
spinifeks	spinifex grass
spirim	pierce
spirit	spirit
spiritjulwei	spiritually
spiritmob	spirits
spirrim	spear
spirrit	spirit
spirrit bla pejin	feelings
spirritjulwei	spiritually
spirritwan	spiritual
spit	saliva
spit foldan	dribble
spit kamat	salivate
spit la im	spit out
spiya	spear
spiya hed	small stone
spiyamen	spearman
splidim	split
splidimap	split up
split	split
splitim	split
splitim la binji	etc.
spoil	spoil
spoilim	spoil
spot spot	possum
spotspot	spotted
spredat	scatter
spredim	spread
spredimat	disperse
spring	spring
springkl	sprinkle
springwoda	spring water
spun	spoon
spunbil	spoonbill
sta	star
sta:dap	go away
stab	rest stop
stabum	prevent
stadi	study
stadim	start
stadimap	start up
stadimof	start off
stagiba	shop assistant
stail	action
stak	be caught
stakam	stick
stakfut	do to excess
stakmen	stockman
stakyad	stockyard
stap	joke
stapam	prevent
stat	arrive
stat go	set out
statabek	begin again
statim	begin
stedi	careful
stedibala	steady
stei	stay
steikimap	stick up
steishan	station
stendaram	stun
step	step
sterrimap	incite
stes	stairs
stifwan	stiff
stik	stick
stik bla fait	fighting
stikibik	stickybeak
stikim	stick
stikinat	stick out
stikwan	wooden
stil	still
stilim	rob
stilimbala	robber
stilwan	motionless
stingayu	burn mouth
stingerei	dragonfly
stinggi	decomposing
stingim	sting
stingrei	stingray
stipwan	steep
stiringwil	steering wheel
stiya	steer
stoamen	storekeeper
stokmen	stockman
stom	storm
stombe:d	blue-winged kookaburra
ston	hill
ston aben	oven
ston eksed	axe
ston keinggurru	euro
ston spiya	spear
ston tomiyok	axe
stonbe:d	koel
stoni	gravelly
stonim	stone
stoniwan	stony
stonwan	stone
stori	story
stowa	store
straibala	striped
straip straip	spots
straipi	stripy
straipibala	spots
straipid	striped
straipidwan sneik	poisonous
straipiwan	stripy
straipwan	striped
streidap	above
streidat	straight-out
streidawei	straightaway
streidin	straight in
streinja	stranger
streit	correct
streitat	frankly
streitawei	immediately
streitbala	straight
streitbalawei	correctly
streitin	straight in
streitinim	correct
streitinimap	straighten up
streitinimat	straighten out
streitwan	good
streitwei	straightaway
strep	dog collar
stretja	stretcher
stretwan	good
string	strap
stringibak	stringybark
stringim	string
strit	street
strong	strong
strong ti	strong tea
strongbala	big
strongbalawan	strong
strongbalawei	strongly
strongwan	hard
stupid	foolish
su	zoo
suga	sugar
sugabeg	sugarbag
sugakein	sugarcane
sulki	be angry
sup	soup
supsup	soup
suwan	swan
swearing we:d	a
sweda	jumper
sweg	swag
sweig	bed
swelap	rise
swet	perspiration
swet gidap	perspire
swet kamat	perspire
swetgidap	perspire
sweya	swear
swim	go swimming
swiming	swim
swing	swing
swingim	swing
swingswing	swing
swipap	sweep up
swipim	sweep
swit	sweet
swit purteida	sweet potato
switbala	sweet
switinim	sweeten
switsmelwan	sweet-smelling
switwan	sugary
swolap	swelling
swolap nos	be jealous
taN	tongue
tabu	forbidden
tadul	turtle
tadulok	firebird
tagat	eat
tagatim	eat
taid	flood
taidap	tied up
taidiwan	tidy
taiga	tiger
taim	season
taimap	tie
taimbom	time bomb
taip	cassette
taipan	taipan
taipen	snake
tait	tight
taitbala	tight
taitbinji	satiated
taitinimap	tighten up
taitwan	tight
taiya	raft
taiyimap	buckle
tajim	touch
taka	food
talim	tell
tamaring	tree
tamblim	trip
tamiyek	axe
tang	tongue
tangumirl	greedy
tanimof	turn off
tarrgi	bustard
tatjam	be familiar
taun	town
tawul	towel
taya	wheel
tayata	four-wheel drive vehicle
tayid	lazy
te:dl	turtle
te:ki	turkey
te:n	go
tearimdan	destroy
teblit	medicine
tedibeya	teddy bear
tedulhok	firebird
teibul	table
teik	take
teikapleis	give support
teikim	take
teikimat	pull out
teikimof	remove
teikirrawei	remove
teikitawei	run off with
teiknodis	take notice
teikoba	take over
teikof	begin to move
teil	tail
teil bla enimul	tail of animal
teilim	look after
teilpat	tail
teinggulumap	tangle up
teingkyu	thank you
teist	sweat
teistim	taste
tel	tail
telabisin	television
telafon	telephone
telam	tell
telefonn portab	mobile phone
teling	tell
temtim	tempt
ten	ten
tenaran	turn around
tenawei	turn away
tenbala	ten
tenbek	turn back
tengk	tank
tenim	turn
tenimran	turn around
tenis	tennis
tent	tent
tern	turn
ternam	turn
terrimap	destroy
testim	test
testimat	test out
tetul	turtle
thad	that
thadmaj	abundantly
thanda	thunder
tharra	there
tharran	that
tharran bla im	own
tharrei	that way
thausen	thousand
thedwan	third
thesti	thirsty
thestibala	thirsty
thestiwan	thirsty
thikwan	thick
thikwan skrab	forest
thikwan temarin	tamarind
thin	sick
thing	thing
thinwan	sick
thirstibala	thirsty
thong	thong
thred	thread
thri	three
thribala	three
thribalawei	in threes
thridei	three days time
throim	throw
throt	neck
throut	throat
thrribala	three
thru	through
thruwum	throw
ti	drink
ti:ki	dangerous
ti:s	tease
tibum	tip
tikit	ticket
til	till
tilib	tea
timana	horse
timba	timber
timpul	temple
timta	Satan
timtim	tempt
tin	tin can
tin bib	tinned meat
tin frut	tinned fruit
tinait	tonight
tinamit	tinned meat
ting	thing
tinstaf	tinned food
tipemoba	tip over
tipimoba	tip over
tipoba	tip over
tishe:t	T-shirt
tisim	tease
tisin	teasing
tit	breast
titibotil	feeding-bottle
titja	missionary
titjim	teach
titri	tree
tiyota	car
tjakam	chuck
tjakamdan	throw down
tjakidawei	throw away
tjakin	donation
tjakol	charcoal
tjapam	chop
tjatj	charge
tjein	chain
tjeinj	change
tjeinjim	change
tjeisim	chase
tjeisimap	chase
tjeisin	chase
tjens	chance
tjepta	chapter
tjetj	church
tjidimbat	cheat
tjis	cheese
tjokum	choke
tju	to you
tjuwing	chew
toilet	defecate
toitit	denture
toitj	torch
toitjim	shine
toiwan	imitation
tok	speak
tok la im	talk to someone
tok sofwan	whisper
tok tok	talking
tokabat	talk about
tokin	talk
toktok	noise
tol	tall
tolwan	finger
tomigan	machine gun
tomiyauk	small axe
tong	thong
top bla ni	kneecap
toppat	top
topwan	top
totem	dreaming
totj	firestick
toyota	four-wheel drive vehicle
trabeling	go
trabul	difficulty
trabul meika	criminal
trabulmeika	troublemaker
trabulum	cause trouble
trai	tray
trai gin	say again
traib	tribe
traim	test
traip	stripe
traiyim	attempt
trak	car
tramput	trumpet
trasis	trousers
trastim	trust
trayimat	try
trebala	messenger
trebul	drive
tregimap	track
treila	trailer
trein	train
treinimap	train up
treinpot	large truck
trek	footprint
trekam	track
trekta	tractor
trep	trap
trepam	trap
tri	plant
trik	deceit
trikibala	difficult
trikim	confuse
trikiwan	tricky
tring	sinew
trip	journey
trisneik	snake
trou	throw
tru	true
trubala	true
trubalawan	true
trubalawei	truthfully
truwan	true
tu	also
tu8	tooth
tubala	mother and father
tubala met gija	married couple
tubeka	cigarette
tubeki	tobacco
tudei	now
tudei na	now
tudeina	right now
tufas	quickly
tul	tool
tuleit	too late
tum	tomb
tumara	morning
tumatj	because
tumato	tomato
tumeni	lots
tumorro	tomorrow
tunait	tonight
turlpu	heart
tus	teeth
tusek	toothache
tut	tooth
tuth	teeth
tuwa	door
twelbala	twelve
twistim	twirl
twistimran	twist around
twistiwan	twisted hair
tyun	tune
u	who
ugimap	be hooked
uk	fishing gear
urldi	used to
veri	very
vilij	village
wa	when
wadabat	what about
wadaim	what time
wadbo	why
wadi	log
wadi bla yem	yamstick
wadrim	spray
wadul	pale yellow
waguwagu	Casuarina cunninghamiana
wai	why
waid	wide
waident	termite
waidwan	open
waif	wife
wail	untamed
wail anyan	onion
wail binana	tree
wail dog	big
wail faul	fowl
wail gusaba	cassava
wail juk	Black
wail kokonat	tree
wail meinggo	mango
wail melin	melon
wail piteta	potato
wail rais	rice
wail yem	potato
wailbala	wild
wailbinana	banana
wailfaul	fowl
wailmelin	vine
wailmen	wild
wailrais	rice
wailwan	angry
wailwei	wildly
wailwin	whirlwind
wain	wine
wait	white
wait gamtri	gum tree
wait hok	Whistling Eagle
wait karant	currant
wait peint	paint
waitbala	European
waitkarant	White
waitmen	European
waitwan	kite
waitwan burdiflawa	hibiscus
waitwan gagadu	cockatoo
waitwan gogi	cockatoo
waitwan heya	white hair
waitwan peint	whitewash
waitwan ston	stone
waitwan tri	tree
waitwud	tree
waiwin	whirlwind
waiya	fishing spear
waiya spiya	fishing spear
waj	watch
wajameda	why
wajim	wash
wajing	wash
wakwak	crow
wakwak singat	caw
wal	well
walgarra	fish species
walima	castrated
wambala	one
wan	a
wan dei bifo	before
wan kain	bird species
wanaklok	one o’clock
wanbala	one
wanbinji	united
wanda	desire
wandei	one day
wandi silip	be
wandim	desire
wandringran	wander around
wanem	what
wangulu	orphan
wangulu men	widower
wanguwangulu	orphans
wani	want
wanim	what
wanim blanga	why
wankain	Masked Owl
wankain badaflai	moth
wankain be:d	Brown
wankain bidul	bee
wankain bonifish	fish
wankain buj	bush
wankain burdiflawa	Morrison
wankain daga	fruit
wankain feja	feather
wankain fish	perch
wankain freshwada tadul	fresh-water turtle
wankain freshwoda tadul	fresh water
wankain gamtri	eucalypt
wankain insek	insect
wankain kokroj	cockroach
wankain lijad	two-lined dragon
wankain lilwan be:d	fairy
wankain lilwan peipabak	paperbark
wankain lokus	cicada
wankain longwan gras	grass
wankain medsin	plant
wankain pamtri	cabbage
wankain perit	cockatiel
wankain pijin	Bar-shouldered Dove
wankain priklitri	prickly
wankain sneik	Children’s python
wankain snek	Children’s python
wankain ston	stone
wankain tri	cotton tree
wankain wadul	wattle
wankain wid	nardoo
wankain wisling be:d	rufous
wankian shel	cockleshell
wanmo	again
wanmo igin	once again
wanmotaim	again
wannait	one night
wanpleis	certain place
wansaid	to one side
wantaim	once
wanwan	doubt
wanwei job	good idea
wanwik	one-week
waral	spirit
warbiwarbi	be alone
wardabirr	goanna
wardimelen	watermelon
wariyin	preoccupied with
warl	covet
warlal	long
warlmbarl	gossip
warnang	finished
warngugu	rock wallaby
warr	grind
warrab	flare up
warral	shadow
was	was
wasawei	wash away
washim	wash
wat	what
watafol	waterfall
watfo	why
watjam	watch
wattaim	how long
wawulaf	werewolf
waydwan	wide
we	that
we:k	work
we:kinboi	disciple
we:kinmen	disciple
we:l	world
wea	where
wed	language
wedenim	wet
wegan	wagon
wei	way
weib	waves
weibweib	wave
weid	wait
weiding	waiting
weigap	wake up
weigimap	arouse
weijis	wages
weijit	pay
weikimap	wake
weil	whale
weistim	expend
weit	heaviness
weit bla sambodi	wait for
weitdeya	wait
weitimbat	wait for
weitin	wait for
weiv	waves
weiyim	weigh
wek	work
wekam	work
wekin	work
weks	wax
weks bla irriwul	earwax
weksimap	melt
wel	well
welai	green parrot
welnoun	know well
welwin	whirlwind
wem	worm
wen	when
wepan	weapon
weram	put on
werrim	wear
werrimat	erase
werrimon	wear
wes	waist
weship	worship
weswan	worse
wet	wet
wet graun	spring
wetnayim	put out fire
wetsisan	wet season
wettaim	wet season
wetwan	wet
wev	waves
weya	when
wi	we
wi:d	weed
wida	single girl
wido	widow
widogel	widow
wijan	which
wijei	where
wijeijei	how
wijeiwijei	how
wik	Sunday
wikbala	die
wiken	weekend
wikwan	weak
wil	disappear
wilbera	wheelbarrow
wili-wili	whirlwind
wilimbek	rewind
wiliwegteil	willy wagtail
wiliwili	whirlwind
wilot	we
wilsten	wheel stand
wilya	what for
win	breath
win brom jangidapwei	east wind
win brom jangudanwei	west
win burrum jangidapwe	east wind
win burrum jangudanwe	west wind
wina	winner
winbreik	windbreak
winbrek	windbreak
windo	window
wing	wing
winim	defeat
winimbek	win back
wining	win
winmil	windmill
winpaip	exhaust pipe
wintj	winch
wip	cry
wip sinik	snake
wipim	whip
wipsneik	black
wipsnek	black
wirrim	wear
wirrimon	put on
wis	which
wiska	beard
wiska bla fish	fin
wiskas	feelers
wisling	duck
wisling dak	black duck
wisling igal	eagle
wisling tri	oak
wislingtri	tree
wispa	whisper
wisul	air horn
wisuling	whistling
with	with
wo:	war
wo:fait	war
wo:tengk	tank
wobla	fishing line
woda	liquid
woda bla ai	tears
woda la riba	flood
wodabat	what about
wodabeg	basket
wodaberg	bag
wodabidul	beetle
wodadram	water drum
wodafol	waterfall
wodahol	waterhole
wodalili	water lily
wodamelanmen	Watermelon Man
wodaret	rat
wodarum	water
wodasneik	snake
wodawan	watery
wodawid	green
wodrim	make wet
wok	walk
wok la ni	crawl
wokabat	journey
wokaran	go around
wokawei	walkaway
wokdan	walk down
woking stik	walking stick
wokinmen	workman
wokinraun	travel
wokinstik	walking stick
wokpas	walk past
wokwok	walk
wokwokpas	walk past
wol	wall
wolabi	wallaby
wolet	wallet
wom	warm
womara	woomera
wombala	warm
womim	warm
womim misalb	warm oneself
womum	warm
wonim	caution
wori	be sorry
woriwei	worriedly
wot	what
wot blanga	what for
wot dijan bla	What’s THIS For...!
wot dijanda	what’s this
wot disda	what’s this
wot tharran da	what’s that
wota	still water
wota la riba	flood
wotabat	what about
wotaim	when
wotamelin	watermelon
wotfo	why
wotjim	watch
wotkain	what kind
wotrong	what’s wrong
wud	firewood
wud bla faiya	fire
wudi	expression of surprise
wudi:p	woodpile
wudwan	wooden
wujei	where
wul	wool
wulibak tri	tree
wulibaktri	stringybark
wulijeim	as
wulijeim dijan	like
wulijim	same as
wuliwan	woolly
wuman	woman
wumara	spear thrower
wumun	woman
wunbun	big
wundidwan	injured
wurlida	tree
wurramabala	playboy
ya	yes
yad	yard
yagay	ouch
yakkai	horrors
yalala	be
yalbun	lily
yan	conversation
yang	little
yangbala	young people
yangbalawan	young
yangboi	bachelor
yanggai	young man
yanggel	girl
yanggel garrim bebi	woman
yanggiswan	youngest
yangiswan	youngest
yangmen	man
yangwan	child
yarl	tree
yarlma	yam
yarraman	horse
yarwok	wild yam
yawarda	horse
ye	yes
yegey	ouch
yeho	oh
yekyek	chatter
yela	yellow
yela peint	paint
yelabala	half-caste
yelawan	yellow
yelawud tri	tree
yem	root vegetable
yemstik	yamstick
yertno	half-cooked
yes	yes
yestadei	yesterday
yet	still
yiki	horrors
yirrim	hear
yiya	year
yo	yes
yolabat	you
yowai	yes
yu	yes
yubala	you
yujum	use
yumandi	you want
yumob	you
yumobwei	your way
yundubala	you two
yunmalabat	we
yunmi	we two
yunmi tiklim	ticklish
yuno	you know
yunowot	you-know-what
yurenyam	uranium
yusda	be familiar
yuselp	yourself
yusim	use
yusimap	finish
yustu	be familiar
yusum	use
yusumbek	use
yuswan	yours
yuwai	yes
yuwalabat	you
yuway	yes
