prediction,proba_mild,proba_moderate,proba_severe
mild,0.7959998100438329,0.1986169117640514,0.005383278192115741
moderate,0.37528592171748537,0.5992410971885052,0.025472981094009403
mild,0.7327774001051592,0.2617734650558513,0.0054491348389893975
mild,0.7159038199132407,0.2667470899288316,0.017349090157927707
mild,0.7663654592551539,0.2121446749948772,0.021489865749969004
mild,0.7392451901959669,0.2553056749650436,0.0054491348389893975
mild,0.7017059175601993,0.2808791356349993,0.01741494680480136
mild,0.703295152656203,0.2912557125048075,0.0054491348389893975
mild,0.8285469640388845,0.15450964824856275,0.016943387712552615
mild,0.8698238617480891,0.1301761382519109,0.0
mild,0.7947705505441455,0.19603228524815197,0.009197164207702625
mild,0.7037734767261618,0.2749523573549215,0.021274165918916715
mild,0.6611770051403797,0.2746795998429174,0.0641433950167029
mild,0.8753147235905857,0.12468527640941435,0.0
mild,0.6729608812213866,0.24202753190345605,0.08501158687515735
mild,0.6770565984175706,0.30511714153652464,0.017826260045904756
mild,0.6942163551325299,0.2870011766951474,0.018782468172322733
mild,0.7374538055081702,0.24519710433390227,0.017349090157927707
mild,0.4949806051601328,0.4871831683465246,0.01783622649334269
mild,0.8876613007638859,0.11233869923611411,0.0
mild,0.5403044616654338,0.4538350902544734,0.005860448080092791
mild,0.7584230479983244,0.22524539464080315,0.01633155736087253
moderate,0.2995603696743651,0.6782051306560426,0.022234499669592223
mild,0.5315352718654377,0.45073602317991807,0.01772870495464422
mild,0.6846876957359441,0.2974860442181511,0.017826260045904756
severe,0.2796036145955875,0.22346027018533632,0.49693611521907616
mild,0.6940748202418258,0.2885102329533728,0.01741494680480136
moderate,0.3966186694298571,0.5968983483983439,0.006482982171799029
mild,0.6940748202418258,0.2885102329533728,0.01741494680480136
mild,0.6962869921863916,0.2937109240461568,0.01000208376745155
mild,0.6806742801861767,0.30135103447751826,0.017974685336305116
mild,0.7017059175601993,0.2808791356349993,0.01741494680480136
mild,0.6867654952363611,0.2912666090303754,0.021967895733263517
mild,0.7910299514943326,0.1978217764878301,0.011148272017837232
mild,0.698955346846139,0.2797704872349443,0.021274165918916715
mild,0.698955346846139,0.2797704872349443,0.021274165918916715
mild,0.8188486844939064,0.17026889298421047,0.010882422521883131
mild,0.7375505600489153,0.257066161758969,0.005383278192115741
mild,0.7374538055081702,0.24519710433390227,0.017349090157927707
mild,0.7672049703588506,0.22741175144903367,0.005383278192115741
mild,0.7750218674845374,0.21952899767647316,0.0054491348389893975
mild,0.765447876578484,0.22535495921381335,0.009197164207702625
mild,0.6895058256159668,0.29266791433812833,0.017826260045904756
mild,0.6770565984175706,0.30511714153652464,0.017826260045904756
mild,0.7564291767786685,0.22697341636450477,0.01659740685682663
mild,0.7720231002388735,0.22259362156901083,0.005383278192115741
mild,0.7417975541183601,0.24623663391582803,0.011965811965811965
mild,0.7682945411403214,0.23170545885967872,0.0
mild,0.7290250798165469,0.2516716905938043,0.019303229589648755
mild,0.557648131886355,0.4244769502143504,0.017874917899294764
mild,0.7286441149725292,0.26590675018848137,0.0054491348389893975
mild,0.7251463027867858,0.26940456237422483,0.0054491348389893975
mild,0.7348449592711218,0.25584668677577355,0.009308353953104748
moderate,0.4692525994647137,0.5138040128227336,0.016943387712552615
mild,0.8273438404464256,0.17265615955357447,0.0
mild,0.7078471498497919,0.27473790334540676,0.01741494680480136
mild,0.671015065773758,0.3235648800257,0.005420054200542006
mild,0.6790722599734201,0.26625249576168325,0.054675244264896596
mild,0.8594767221068325,0.12364574682748856,0.016877531065678957
moderate,0.3682352652516867,0.6148213470357606,0.016943387712552615
mild,0.7465962928853571,0.24795457227565332,0.0054491348389893975
mild,0.6948936251057395,0.28769142808945924,0.01741494680480136
mild,0.7410372031786109,0.25357951862927336,0.005383278192115741
mild,0.7031307371957548,0.28012639220226937,0.016742870601975924
mild,0.579151683161104,0.41546503864678036,0.005383278192115741
mild,0.7720231002388735,0.22259362156901083,0.005383278192115741
mild,0.7978479620187914,0.1967687597890929,0.005383278192115741
mild,0.7065240474402222,0.27606100575497644,0.01741494680480136
mild,0.671433951587165,0.27900106811841535,0.04956498029441958
mild,0.5540607059157848,0.42825774334308503,0.017681550741130068
mild,0.7547794709487653,0.19158920396376936,0.05363132508746541
mild,0.504209799568517,0.478108649690353,0.017681550741130068
mild,0.8451461132004777,0.14947060860740652,0.005383278192115741
mild,0.8769242948288394,0.11219328264927747,0.010882422521883131
mild,0.7288273608251293,0.25433830509489436,0.016834334079976112
mild,0.5352780710492359,0.4593018747502222,0.005420054200542006
mild,0.7884218502594997,0.19518832158559848,0.016389828154901878
severe,0.0,0.06666666666666667,0.9333333333333332
severe,0.15536723163841806,0.07627118644067794,0.768361581920904
severe,0.15536723163841806,0.07627118644067794,0.768361581920904
mild,0.6293970391215123,0.3521541667408767,0.018448794137610993
mild,0.6920361075795659,0.29095517232250406,0.017008720097930023
mild,0.7689456887642275,0.2218571470280699,0.009197164207702625
mild,0.6946447659452074,0.2875289740088878,0.017826260045904756
mild,0.716321118544462,0.2782297466165485,0.0054491348389893975
moderate,0.4208863819029068,0.5570754078123176,0.02203821028477551
mild,0.7374538055081702,0.24519710433390227,0.017349090157927707
moderate,0.31541875014515636,0.6672265489011876,0.017354700953656006
severe,0.12991676862583165,0.3420304054430983,0.52805282593107
mild,0.48691270985042084,0.25358135437857,0.25950593577100917
moderate,0.33744989708590617,0.6086014516303759,0.053948651283717904
mild,0.7181550878003543,0.2652475053428191,0.01659740685682663
mild,0.7564291767786685,0.22697341636450477,0.01659740685682663
moderate,0.4737215099371021,0.5091804265981327,0.017098063464765233
mild,0.7899257292831853,0.19868907147582804,0.011385199240986715
moderate,0.405382175305423,0.5399238145744896,0.05469401012008751
mild,0.8238460282606822,0.17615397173931788,0.0
mild,0.6967168063802153,0.28200902770086816,0.021274165918916715
mild,0.6309468155233087,0.2642462708133126,0.10480691366337873
mild,0.7031307371957548,0.28012639220226937,0.016742870601975924
mild,0.6940748202418258,0.2885102329533728,0.01741494680480136
mild,0.80557076616022,0.19442923383978003,0.0
mild,0.595050882898371,0.38247026623794217,0.022478850863686756
severe,0.0,0.0,1.0
moderate,0.425993026671404,0.5685578384896065,0.0054491348389893975
mild,0.6465088306598505,0.26785108302945004,0.08564008631069937
severe,0.04234724742891713,0.32754468998730774,0.6301080625837753
mild,0.7217724948659782,0.2727783702950324,0.0054491348389893975
severe,0.0,0.0,1.0
moderate,0.3819606936856019,0.5969961850525253,0.021043121261872775
moderate,0.39753079001934477,0.5855258222681026,0.016943387712552615
mild,0.7294629198364427,0.26508794532456786,0.0054491348389893975
mild,0.5222205304447441,0.4483570423862763,0.02942242716897957
severe,0.2020788010635726,0.13274705330957362,0.6651741456268537
mild,0.5116612850572632,0.4339541817835264,0.05438453315921044
mild,0.5697144994389727,0.410469185055895,0.019816315505132364
severe,0.3252648997973833,0.1903344470451397,0.484400653157477
mild,0.7410933421709256,0.253457522990085,0.0054491348389893975
mild,0.6876073868359337,0.2944873832612122,0.017905229902854133
mild,0.7159038199132407,0.2667470899288316,0.017349090157927707
mild,0.8021917106289814,0.1978082893710187,0.0
moderate,0.34888588436287177,0.6334616455344456,0.017652470102682675
moderate,0.33386702216264413,0.6491659410363662,0.01696703680098966
mild,0.6940748202418258,0.2885102329533728,0.01741494680480136
mild,0.7560760608547336,0.23854066095315063,0.005383278192115741
mild,0.6544157297629098,0.2956079767015672,0.04997629353552297
mild,0.782344180833328,0.21227254097455628,0.005383278192115741
mild,0.7763668488490634,0.22363315115093663,0.0
mild,0.7326356756281472,0.2500152342139251,0.017349090157927707
severe,0.0,0.052287581699346414,0.9477124183006537
mild,0.579151683161104,0.41546503864678036,0.005383278192115741
mild,0.8018644485319338,0.14101717539891712,0.0571183760691491
mild,0.6933755893957564,0.3011752757652541,0.0054491348389893975
mild,0.5079529230003049,0.4735982828620841,0.018448794137610993
mild,0.7017059175601993,0.2808791356349993,0.01741494680480136
moderate,0.008227014836465572,0.9226460664891724,0.06912691867436203
moderate,0.16784985720114243,0.8321501427988576,0.0
mild,0.6809058969177961,0.313239741972645,0.005854361109558864
mild,0.575316573069844,0.40659056294792256,0.018092863982233462
mild,0.6952582864059161,0.2952781640136446,0.009463549580439318
moderate,0.2675822457277717,0.7259347721004294,0.006482982171799029
moderate,0.34856799225456053,0.6331402387899728,0.018291768955466668
severe,0.263833259886729,0.24455555843581456,0.49161118167745643
mild,0.6746812937173038,0.3029432598878073,0.022375446394888882
mild,0.7323489092201401,0.2502361439750585,0.01741494680480136
mild,0.7065240474402222,0.27606100575497644,0.01741494680480136
mild,0.8451461132004777,0.14947060860740652,0.005383278192115741
mild,0.549491711289926,0.4324154247278405,0.018092863982233462
mild,0.8071596847865831,0.18739118037442737,0.0054491348389893975
mild,0.703295152656203,0.2912557125048075,0.0054491348389893975
mild,0.7374538055081702,0.24519710433390227,0.017349090157927707
mild,0.7344270603159441,0.2601238048450664,0.0054491348389893975
mild,0.6217206158695521,0.3690201248711887,0.00925925925925926
moderate,0.2382065077503257,0.7444387912960183,0.017354700953656006
mild,0.8021917106289814,0.1978082893710187,0.0
moderate,0.2622976539236712,0.7318418979962359,0.005860448080092791
mild,0.7017059175601993,0.2808791356349993,0.01741494680480136
mild,0.5649537808080626,0.42959708435294797,0.0054491348389893975
mild,0.767622415898278,0.2204117721359101,0.011965811965811965
mild,0.8225614396812415,0.17201850611821656,0.005420054200542006
mild,0.7720231002388735,0.22259362156901083,0.005383278192115741
mild,0.6920361075795659,0.29095517232250406,0.017008720097930023
mild,0.7501990816688237,0.24980091833117624,0.0
moderate,0.30827176777468984,0.6126806798671306,0.07904755235817958
moderate,0.16784985720114243,0.8321501427988576,0.0
mild,0.9445076600867428,0.03857803283915192,0.016914307074105222
moderate,0.21693972820547677,0.7730581880270716,0.01000208376745155
moderate,0.06666666666666667,0.9279132791327913,0.005420054200542006
moderate,0.21510454147089178,0.779533226884313,0.005362231644795232
moderate,0.42125691816779814,0.5610615310910717,0.017681550741130068
moderate,0.4294652800057557,0.5640517378224453,0.006482982171799029
moderate,0.09706676716286666,0.8964009798379499,0.00653225299918347
moderate,0.2675822457277717,0.7259347721004294,0.006482982171799029
mild,0.8420687017258318,0.1487341340664656,0.009197164207702625
mild,0.7326356756281472,0.2500152342139251,0.017349090157927707
moderate,0.33180855120042535,0.6616591958003912,0.00653225299918347
mild,0.5094214635577504,0.47287363781820496,0.017704898624044577
moderate,0.11624738899177943,0.8772203580090373,0.00653225299918347
mild,0.7978479620187914,0.1967687597890929,0.005383278192115741
moderate,0.042354609350230284,0.8977920727316643,0.05985331791810545
moderate,0.33378959557261806,0.666210404427382,0.0
moderate,0.4563507555217361,0.525200450340653,0.018448794137610993
mild,0.5832855064982009,0.39861856552821173,0.01809592797358741
mild,0.6609516188036771,0.2794554381695431,0.05959294302677969
mild,0.7458553330586338,0.24876138874925047,0.005383278192115741
mild,0.7635249884550445,0.21948600171276678,0.016989009832188734
moderate,0.345537666467899,0.6544623335321009,0.0
moderate,0.30079874482955354,0.6937812009699044,0.005420054200542006
mild,0.686403170190399,0.29602720725258697,0.017569622557013984
mild,0.5016391707379377,0.4413184978303235,0.057042331431738695
moderate,0.46356392816889547,0.5134380913445095,0.022997980486595116
moderate,0.4611857688508836,0.5218397490079704,0.016974482141146014
mild,0.7008612865619895,0.24996812697158774,0.04917058646642251
mild,0.6846876957359441,0.2974860442181511,0.017826260045904756
moderate,0.4304300329893373,0.5518884162695326,0.017681550741130068
mild,0.7295983385060798,0.2491274955750035,0.021274165918916715
mild,0.7017059175601993,0.2808791356349993,0.01741494680480136
moderate,0.004451250513715759,0.9955487494862844,0.0
moderate,0.02380952380952381,0.964696223316913,0.011494252873563216
moderate,0.22865065771943327,0.6604886554158292,0.11086068686473749
mild,0.7839589859838241,0.1611345416690989,0.0549064723470771
mild,0.6940748202418258,0.2885102329533728,0.01741494680480136
mild,0.7286441149725292,0.26590675018848137,0.0054491348389893975
moderate,0.2172119276967305,0.7773680181027274,0.005420054200542006
mild,0.7337853146741568,0.24969968701104706,0.01651499831479609
mild,0.7127689592674544,0.2694849243611485,0.017746116371397013
mild,0.5697144994389727,0.410469185055895,0.019816315505132364
moderate,0.03377141897519741,0.9596963280256192,0.00653225299918347
moderate,0.12938755410750571,0.8655736862025719,0.005038759689922481
mild,0.7917026834568065,0.1971490445253564,0.011148272017837232
mild,0.571011396011396,0.4077635327635328,0.021225071225071224
moderate,0.4316781585537375,0.5460241501149189,0.022297691331343693
mild,0.7556724772842639,0.22413674624074817,0.02019077647498788
mild,0.7661148029663445,0.1913331993797298,0.04255199765392572
mild,0.8709709749803958,0.12364574682748856,0.005383278192115741
mild,0.7946565042134773,0.1843338115460927,0.021009684240430097
mild,0.6940748202418258,0.2885102329533728,0.01741494680480136
mild,0.538972366702031,0.44354000011686723,0.017487633181101754
mild,0.7369794242383372,0.25105476379585084,0.011965811965811965
mild,0.7917026834568065,0.1971490445253564,0.011148272017837232
mild,0.794350149833048,0.2002665719748363,0.005383278192115741
mild,0.7546522226050474,0.22851344331497644,0.016834334079976112
mild,0.7107618345141282,0.27249529488389584,0.016742870601975924
mild,0.8052954693893929,0.18205773747600917,0.012646793134598011
mild,0.548221925093156,0.4463289400678545,0.0054491348389893975
mild,0.703295152656203,0.2912557125048075,0.0054491348389893975
moderate,0.02344961240310078,0.9715116279069768,0.005038759689922481
mild,0.6940748202418258,0.2885102329533728,0.01741494680480136
mild,0.4931253898066387,0.4896875368182128,0.017187073375148385
mild,0.7325981862184063,0.25107025642072106,0.01633155736087253
mild,0.7017059175601993,0.2808791356349993,0.01741494680480136
mild,0.7410933421709256,0.253457522990085,0.0054491348389893975
moderate,0.06754260509016419,0.9259251419106524,0.00653225299918347
mild,0.7024763477922895,0.2920745173687211,0.0054491348389893975
moderate,0.18616860623543732,0.7950667248632386,0.018764668901324142
mild,0.9004668534080299,0.09953314659197014,0.0
mild,0.7936965546764622,0.19542102280165471,0.010882422521883131
moderate,0.13621990411317147,0.8586532377215662,0.0051268581652624354
mild,0.8273438404464256,0.17265615955357447,0.0
moderate,0.02344961240310078,0.9715116279069768,0.005038759689922481
mild,0.7910299514943326,0.1978217764878301,0.011148272017837232
mild,0.7277800563383835,0.2558883863007439,0.01633155736087253
mild,0.7564291767786685,0.22697341636450477,0.01659740685682663
mild,0.7496230370724848,0.22979459947882594,0.020582363448689342
mild,0.7716801948385518,0.22293652696933253,0.005383278192115741
moderate,0.026015751523707924,0.968394086991859,0.005590161484433108
moderate,0.18908485743534956,0.7935090750067579,0.017406067557892483
mild,0.7323489092201401,0.2502361439750585,0.01741494680480136
moderate,0.26596068939767226,0.7275070576031443,0.00653225299918347
mild,0.7892529973207115,0.19936180343830176,0.011385199240986715
moderate,0.23121790141173024,0.7629216505081771,0.005860448080092791
mild,0.7065240474402222,0.27606100575497644,0.01741494680480136
mild,0.7065240474402222,0.27606100575497644,0.01741494680480136
mild,0.7066608801647815,0.2518957774356632,0.04144334239955539
mild,0.81421635513253,0.1803345100284807,0.0054491348389893975
mild,0.7065240474402222,0.27606100575497644,0.01741494680480136
mild,0.6682398420229848,0.2776459913336115,0.05411416664340371
mild,0.7241363994987177,0.2191802685545893,0.05668333194669306
mild,0.759308716075516,0.2353080057323684,0.005383278192115741
mild,0.8376996057489238,0.14394451234778985,0.01835588190328644
moderate,0.3583366104833548,0.6225540797171865,0.01910930979945871
mild,0.7584230479983244,0.22524539464080315,0.01633155736087253
mild,0.7323489092201401,0.2502361439750585,0.01741494680480136
mild,0.6367886764433764,0.3458254573902697,0.017385866166353972
mild,0.7564291767786685,0.22697341636450477,0.01659740685682663
moderate,0.38904288482705773,0.5921924462716182,0.018764668901324142
mild,0.7936965546764622,0.19542102280165471,0.010882422521883131
mild,0.7017059175601993,0.2808791356349993,0.01741494680480136
mild,0.9004668534080299,0.09953314659197014,0.0
mild,0.7598930135898576,0.22814117444433046,0.011965811965811965
mild,0.8021917106289814,0.1978082893710187,0.0
mild,0.7017059175601993,0.2808791356349993,0.01741494680480136
mild,0.9004668534080299,0.09953314659197014,0.0
mild,0.781389876557368,0.20930176948952717,0.009308353953104748
mild,0.8021917106289814,0.1978082893710187,0.0
mild,0.6933755893957564,0.3011752757652541,0.0054491348389893975
mild,0.6804741865577851,0.2934414371369881,0.02608437630522671
mild,0.7065240474402222,0.27606100575497644,0.01741494680480136
mild,0.9396825396825398,0.060317460317460325,0.0
mild,0.7118091390008742,0.2709452136780463,0.017245647321079506
mild,0.7374538055081702,0.24519710433390227,0.017349090157927707
mild,0.7546522226050474,0.22851344331497644,0.016834334079976112
mild,0.7031307371957548,0.28012639220226937,0.016742870601975924
mild,0.7193654066230447,0.26253866540336784,0.01809592797358741
mild,0.6876073868359337,0.2944873832612122,0.017905229902854133
mild,0.6940748202418258,0.2885102329533728,0.01741494680480136
mild,0.7017059175601993,0.2808791356349993,0.01741494680480136
mild,0.7369794242383372,0.25105476379585084,0.011965811965811965
mild,0.763278667288088,0.21937224255398427,0.017349090157927707
mild,0.698511807996019,0.2795240588501955,0.02196413315378549
mild,0.7323489092201401,0.2502361439750585,0.01741494680480136
mild,0.8494898618106678,0.15051013818933232,0.0
mild,0.7546522226050474,0.22851344331497644,0.016834334079976112
mild,0.691299393440339,0.2871654166034184,0.021535189956242585
mild,0.6649696829225078,0.3181959829975161,0.016834334079976112
moderate,0.0,1.0,0.0
mild,0.6770565984175706,0.30511714153652464,0.017826260045904756
moderate,0.023196940450840028,0.968187053095991,0.008616006453169152
mild,0.7326356756281472,0.2500152342139251,0.017349090157927707
mild,0.7003546733073583,0.29033697273953685,0.009308353953104748
mild,0.6836682961219656,0.2947965139217919,0.021535189956242585
mild,0.6836682961219656,0.2947965139217919,0.021535189956242585
mild,0.7660653583768299,0.20419166335077998,0.029742978272390034
mild,0.8400412169124479,0.15450964824856275,0.0054491348389893975
mild,0.7392451901959669,0.2553056749650436,0.0054491348389893975
mild,0.8709709749803958,0.12364574682748856,0.005383278192115741
mild,0.7025251347517409,0.29161441716816633,0.005860448080092791
mild,0.7896396730486459,0.20035824318390247,0.01000208376745155
mild,0.7288273608251293,0.25433830509489436,0.016834334079976112
mild,0.874641991628112,0.12535800837188807,0.0
mild,0.7584230479983244,0.22524539464080315,0.01633155736087253
mild,0.7930238227139884,0.19609375476412846,0.010882422521883131
mild,0.7303971351622235,0.2522537746798489,0.017349090157927707
mild,0.7597001038108063,0.2349166179970779,0.005383278192115741
mild,0.8021917106289814,0.1978082893710187,0.0
mild,0.7481266965585945,0.235104826008303,0.016768477433102457
mild,0.7584230479983244,0.22524539464080315,0.01633155736087253
mild,0.7419308219945151,0.2401460994626484,0.017923078542836403
mild,0.5616918032341583,0.4206266460247115,0.017681550741130068
mild,0.6757556669418325,0.27094394378326053,0.053300389274907
mild,0.7065240474402222,0.27606100575497644,0.01741494680480136
mild,0.6018825926927087,0.2561279464736639,0.14198946083362737
moderate,0.4341361789431295,0.5593808388850715,0.006482982171799029
mild,0.8709709749803958,0.12364574682748856,0.005383278192115741
moderate,0.10660358803162355,0.888357652278454,0.005038759689922481
mild,0.7017059175601993,0.2808791356349993,0.01741494680480136
mild,0.8028612560759044,0.17608130303344915,0.021057440890646446
moderate,0.1253604951669103,0.8681072518339064,0.00653225299918347
mild,0.7374538055081702,0.24519710433390227,0.017349090157927707
mild,0.6053855840148339,0.3823820000830254,0.012232415902140671
mild,0.5428674960926293,0.4060751702747414,0.051057333632629244
mild,0.7621315540557814,0.22590263397840663,0.011965811965811965
mild,0.7251463027867858,0.26940456237422483,0.0054491348389893975
mild,0.6871596847865833,0.294057847041094,0.018782468172322733
mild,0.7325981862184063,0.25107025642072106,0.01633155736087253
mild,0.7107618345141282,0.27249529488389584,0.016742870601975924
mild,0.7323489092201401,0.2502361439750585,0.01741494680480136
mild,0.7212586602310463,0.25804778657486227,0.020693553194091465
mild,0.8273438404464256,0.17265615955357447,0.0
mild,0.7899257292831853,0.19868907147582804,0.011385199240986715
mild,0.7024763477922895,0.2920745173687211,0.0054491348389893975
moderate,0.09706676716286666,0.8964009798379499,0.00653225299918347
mild,0.8753147235905857,0.12468527640941435,0.0
moderate,0.19812605759257784,0.7853066357407917,0.016567306666630487
mild,0.7716801948385518,0.22293652696933253,0.005383278192115741
moderate,0.44486858176736216,0.536682624095027,0.018448794137610993
mild,0.7910299514943326,0.1978217764878301,0.011148272017837232
mild,0.8494898618106678,0.15051013818933232,0.0
mild,0.7926141563456023,0.2073858436543976,0.0
moderate,0.14763058097976767,0.8445222602054797,0.007847158814752649
moderate,0.05920015399233055,0.935761086317747,0.005038759689922481
severe,0.0,0.052287581699346414,0.9477124183006537
moderate,0.06985774401433321,0.9217475775569977,0.008394678428669177
mild,0.7362752122909028,0.25827565287010784,0.0054491348389893975
mild,0.7641008675032673,0.22451393325574598,0.011385199240986715
mild,0.774972913238604,0.21238029362679803,0.012646793134598011
mild,0.7942948238281758,0.18782277135966097,0.017882404812163105
moderate,0.4367841181175742,0.5409813822128334,0.022234499669592223
mild,0.6679558400210376,0.31421789993305776,0.017826260045904756
moderate,0.3769680123901977,0.5742090943232246,0.048822893286577594
mild,0.6952827676089323,0.2822976631228951,0.022419569268172596
mild,0.8400412169124479,0.15450964824856275,0.0054491348389893975
moderate,0.2605724606247983,0.7340074851746596,0.005420054200542006
moderate,0.1065615394318385,0.8869062075689781,0.00653225299918347
mild,0.528119739791782,0.4029820798338339,0.0688981803743842
moderate,0.034492317328512066,0.9568927058656563,0.008614976805831677
mild,0.5945244148739066,0.3888781782692667,0.01659740685682663
mild,0.6678694894596026,0.2718166362087844,0.06031387433161319
mild,0.7295983385060798,0.2491274955750035,0.021274165918916715
mild,0.8338385766160873,0.14929563566176865,0.01686578772214403
mild,0.7604505328117083,0.21946988045870597,0.02007958672958576
mild,0.7893528060662723,0.1943814932197289,0.01626570071399887
mild,0.7411399129058936,0.25344424888203804,0.005415838212068288
mild,0.7065240474402222,0.27606100575497644,0.01741494680480136
mild,0.7212586602310463,0.25804778657486227,0.020693553194091465
mild,0.692771608042646,0.24432192790188556,0.0629064640554683
mild,0.7527004485471308,0.23053107401976683,0.016768477433102457
mild,0.7978479620187914,0.1967687597890929,0.005383278192115741
mild,0.7323489092201401,0.2502361439750585,0.01741494680480136
mild,0.7362752122909028,0.25827565287010784,0.0054491348389893975
mild,0.6994673770942755,0.2831176761009231,0.01741494680480136
mild,0.7556724772842639,0.22413674624074817,0.02019077647498788
mild,0.664943808220047,0.2617676325821981,0.07328855919775501
mild,0.7615340730666985,0.2219343767233485,0.016531550209952974
mild,0.6618620762445814,0.27878642800578485,0.05935149574963384
moderate,0.02344961240310078,0.9715116279069768,0.005038759689922481
mild,0.8400412169124479,0.15450964824856275,0.0054491348389893975
mild,0.549491711289926,0.4324154247278405,0.018092863982233462
mild,0.49361003638120476,0.4890040974524413,0.017385866166353972
mild,0.7936965546764622,0.19542102280165471,0.010882422521883131
mild,0.4919564322373126,0.49039109766000477,0.017652470102682675
mild,0.6744308266371132,0.24094862598533096,0.08462054737755582
mild,0.8922601213823391,0.10232355440688923,0.005416324210771803
mild,0.7621315540557814,0.22590263397840663,0.011965811965811965
mild,0.6846876957359441,0.2974860442181511,0.017826260045904756
mild,0.6625078173337394,0.282813175821886,0.05467900684437463
moderate,0.4511088358171571,0.5301757661089033,0.0187153980739397
mild,0.7899257292831853,0.19868907147582804,0.011385199240986715
mild,0.7323489092201401,0.2502361439750585,0.01741494680480136
mild,0.7323489092201401,0.2502361439750585,0.01741494680480136
mild,0.7017059175601993,0.2808791356349993,0.01741494680480136
mild,0.6822663695376004,0.26760757254648704,0.05012605791591248
mild,0.6053855840148339,0.3823820000830254,0.012232415902140671
mild,0.6804741865577851,0.2934414371369881,0.02608437630522671
mild,0.7595738730404772,0.2350428487674072,0.005383278192115741
mild,0.7176952046010375,0.27685566055997296,0.0054491348389893975
mild,0.7265459660601393,0.22180295734764113,0.051651076592219625
mild,0.5378612889554432,0.44404584706232336,0.018092863982233462
mild,0.7295983385060798,0.2491274955750035,0.021274165918916715
moderate,0.442677017469247,0.5394967224848483,0.017826260045904756
mild,0.7323489092201401,0.2502361439750585,0.01741494680480136
mild,0.6772320594414106,0.29946666670878663,0.0233012738498027
mild,0.7240092309451066,0.2591564349749172,0.016834334079976112
mild,0.6913242495277654,0.2874015845533178,0.021274165918916715
mild,0.6790722599734201,0.26625249576168325,0.054675244264896596
mild,0.698955346846139,0.2797704872349443,0.021274165918916715
moderate,0.3583998931671169,0.6228354379315589,0.018764668901324142
mild,0.7306043149987506,0.25279827814442274,0.01659740685682663
mild,0.6738624888533903,0.3037620647517209,0.022375446394888882
mild,0.6916995155415591,0.28633635130465546,0.02196413315378549
mild,0.7065240474402222,0.27606100575497644,0.01741494680480136
mild,0.515783388868499,0.46686191017784506,0.017354700953656006
moderate,0.4137255949419396,0.5632588693353423,0.023015535722718042
mild,0.7669496839358043,0.22108450409838384,0.011965811965811965
mild,0.538972366702031,0.44354000011686723,0.017487633181101754
mild,0.6724854939685447,0.3040460375629867,0.023468468468468468
mild,0.7273076642634431,0.25184166074355224,0.0208506749930048
mild,0.8402921593333231,0.14351547255719477,0.01619236810948219
mild,0.7017059175601993,0.2808791356349993,0.01741494680480136
mild,0.4771240110886392,0.4668452624303944,0.056030726480966464
severe,0.0,0.0,1.0
mild,0.8188486844939064,0.17026889298421047,0.010882422521883131
mild,0.5174885812450302,0.39495142412538936,0.08755999462958035
mild,0.7037734767261618,0.2749523573549215,0.021274165918916715
mild,0.704242652675232,0.2435256580077232,0.05223168931704488
mild,0.7930238227139884,0.19609375476412846,0.010882422521883131
mild,0.6679558400210376,0.31421789993305776,0.017826260045904756
mild,0.6948936251057395,0.28769142808945924,0.01741494680480136
mild,0.7375955299851821,0.25695533517582847,0.0054491348389893975
mild,0.7171969384906468,0.2659687274293772,0.016834334079976112
mild,0.6084210540189032,0.37363189377859435,0.0179470522025024
mild,0.7603926779043907,0.23422404390349363,0.005383278192115741
mild,0.7615340730666985,0.2219343767233485,0.016531550209952974
mild,0.7374538055081702,0.24519710433390227,0.017349090157927707
mild,0.6940748202418258,0.2885102329533728,0.01741494680480136
moderate,0.3826991876736572,0.571741717607256,0.04555909471908681
mild,0.8594767221068325,0.12364574682748856,0.016877531065678957
mild,0.7316764896018838,0.25901515644501144,0.009308353953104748
mild,0.5725762426902382,0.40518925764016966,0.022234499669592223
mild,0.9004668534080299,0.09953314659197014,0.0
mild,0.7326356756281472,0.2500152342139251,0.017349090157927707
mild,0.763278667288088,0.21937224255398427,0.017349090157927707
mild,0.8841901997692826,0.09889549315661224,0.016914307074105222
mild,0.763278667288088,0.21937224255398427,0.017349090157927707
mild,0.6770565984175706,0.30511714153652464,0.017826260045904756
mild,0.582022191746665,0.399529014115724,0.018448794137610993
mild,0.7017059175601993,0.2808791356349993,0.01741494680480136
mild,0.7669182039508436,0.2276326612101671,0.0054491348389893975
mild,0.7051385875343451,0.24676248816034071,0.04809892430531404
mild,0.7893528060662723,0.1943814932197289,0.01626570071399887
mild,0.7621315540557814,0.22590263397840663,0.011965811965811965
mild,0.7630535630165213,0.22606401446159552,0.010882422521883131
mild,0.6962732675300952,0.2817625993161193,0.02196413315378549
severe,0.0,0.052287581699346414,0.9477124183006537
mild,0.7536385317120297,0.22601603206243046,0.02034543622553986
mild,0.8086848786337278,0.17090759008917578,0.02040753127709649
mild,0.8088059320998293,0.1749283671861718,0.01626570071399887
mild,0.6697945507498081,0.30688724078286944,0.02331820846732242
mild,0.7171969384906468,0.2659687274293772,0.016834334079976112
mild,0.7267959629975707,0.26775490216343995,0.0054491348389893975
mild,0.5665099331141813,0.41580851614468867,0.017681550741130068
mild,0.809398225252507,0.18515263990850359,0.0054491348389893975
mild,0.7017059175601993,0.2808791356349993,0.01741494680480136
mild,0.7181550878003543,0.2652475053428191,0.01659740685682663
mild,0.7306043149987506,0.25279827814442274,0.01659740685682663
mild,0.7564291767786685,0.22697341636450477,0.01659740685682663
mild,0.7227459716990413,0.25609105212744415,0.02116297617351459
mild,0.7978479620187914,0.1967687597890929,0.005383278192115741
mild,0.7678716928965442,0.22124588458157265,0.010882422521883131
mild,0.5295084748007584,0.4530765783944403,0.01741494680480136
moderate,0.2372223338430537,0.7489522278723836,0.013825438284562794
mild,0.7323489092201401,0.2502361439750585,0.01741494680480136
mild,0.7438457221712969,0.24684592387559837,0.009308353953104748
mild,0.8168548132742507,0.17199691470791215,0.011148272017837232
mild,0.857643891781363,0.13695651800419642,0.005399590214440565
mild,0.9004668534080299,0.09953314659197014,0.0
moderate,0.033621517771373684,0.7719387466802283,0.19443973554839808
mild,0.7946565042134773,0.1843338115460927,0.021009684240430097
mild,0.5665099331141813,0.41580851614468867,0.017681550741130068
moderate,0.4661838951345347,0.5283960506649235,0.005420054200542006
mild,0.8015189786665076,0.1984810213334924,0.0
mild,0.81421635513253,0.1803345100284807,0.0054491348389893975
mild,0.8376649210408802,0.1623350789591199,0.0
mild,0.5760951041517816,0.41459654189511363,0.009308353953104748
mild,0.7065240474402222,0.27606100575497644,0.01741494680480136
mild,0.8168548132742507,0.17199691470791215,0.011148272017837232
mild,0.7200412169124478,0.26117631491522947,0.018782468172322733
mild,0.5181149051726204,0.4755222536090368,0.006362841218342869
mild,0.7121750042766255,0.27851664177026975,0.009308353953104748
mild,0.8560704995487605,0.13278122843340234,0.011148272017837232
mild,0.671433951587165,0.27900106811841535,0.04956498029441958
moderate,0.4336920105632414,0.5608588545977691,0.0054491348389893975
mild,0.7189738926642679,0.26442870047890554,0.01659740685682663
mild,0.7564291767786685,0.22697341636450477,0.01659740685682663
mild,0.7079628461947123,0.24367238000401956,0.04836477380126814
moderate,0.49101456679463396,0.5035362983663766,0.0054491348389893975
mild,0.5802334541973897,0.4075341299004696,0.012232415902140671
mild,0.6940299787992217,0.2892271505988024,0.016742870601975924
mild,0.6327409767954437,0.3618389690040143,0.005420054200542006
mild,0.7323489092201401,0.2502361439750585,0.01741494680480136
mild,0.7017059175601993,0.2808791356349993,0.01741494680480136
mild,0.7375955299851821,0.25695533517582847,0.0054491348389893975
mild,0.734224910724151,0.26039181108373327,0.005383278192115741
mild,0.7672049703588506,0.22741175144903367,0.005383278192115741
severe,0.22442953832951232,0.23456441803069897,0.5410060436397888
mild,0.7348449592711218,0.25584668677577355,0.009308353953104748
mild,0.6940748202418258,0.2885102329533728,0.01741494680480136
mild,0.5026522552115595,0.47966619404731037,0.017681550741130068
mild,0.6720460405206604,0.30159568723043284,0.026358272248906772
mild,0.875216871713437,0.12478312828656309,0.0
mild,0.575316573069844,0.40659056294792256,0.018092863982233462
moderate,0.46462176863118937,0.5299949531766949,0.005383278192115741
mild,0.7017059175601993,0.2808791356349993,0.01741494680480136
mild,0.7286490960738944,0.27135090392610567,0.0
mild,0.7017059175601993,0.2808791356349993,0.01741494680480136
mild,0.7100621385337255,0.24436152074361364,0.045576340722660945
mild,0.7323489092201401,0.2502361439750585,0.01741494680480136
mild,0.9396825396825398,0.060317460317460325,0.0
mild,0.5616918032341583,0.4206266460247115,0.017681550741130068
mild,0.8069753490309077,0.18762896580425514,0.005395685164837138
mild,0.7720231002388735,0.22259362156901083,0.005383278192115741
mild,0.7927745457157221,0.19525964231846585,0.011965811965811965
mild,0.7305388596392355,0.2640120055217751,0.0054491348389893975
mild,0.548221925093156,0.4463289400678545,0.0054491348389893975
mild,0.5205414398491811,0.4374390950866031,0.04201946506421586
mild,0.7595738730404772,0.2350428487674072,0.005383278192115741
mild,0.7458553330586338,0.24876138874925047,0.005383278192115741
mild,0.7481183634931378,0.23958063010450906,0.01230100640235321
mild,0.6849740618452929,0.2976109913499058,0.01741494680480136
mild,0.7327774001051592,0.2617734650558513,0.0054491348389893975
mild,0.7919184480213007,0.20266149777815734,0.005420054200542006
mild,0.7323489092201401,0.2502361439750585,0.01741494680480136
mild,0.6679558400210376,0.31421789993305776,0.017826260045904756
mild,0.745507748428305,0.24907440204389683,0.005417849527798199
mild,0.6940748202418258,0.2885102329533728,0.01741494680480136
mild,0.703295152656203,0.2912557125048075,0.0054491348389893975
moderate,0.22375389120220593,0.4668084856299029,0.3094376231678912
mild,0.5193660598569252,0.4628780023911016,0.017755937751973178
mild,0.6736170371918955,0.316380879040653,0.01000208376745155
severe,0.0,0.052287581699346414,0.9477124183006537
mild,0.7669182039508436,0.2276326612101671,0.0054491348389893975
mild,0.579151683161104,0.41546503864678036,0.005383278192115741
mild,0.7294629198364427,0.26508794532456786,0.0054491348389893975
mild,0.7074575204294478,0.28709334473156284,0.0054491348389893975
moderate,0.4547355885426494,0.5394143078868333,0.005850103570517265
mild,0.7564291767786685,0.22697341636450477,0.01659740685682663
mild,0.8753147235905857,0.12468527640941435,0.0
mild,0.7323489092201401,0.2502361439750585,0.01741494680480136
mild,0.7306043149987506,0.25279827814442274,0.01659740685682663
mild,0.7929223985691869,0.19788043722311052,0.009197164207702625
mild,0.7776947310356322,0.20108159376064952,0.0212236752037183
mild,0.5026522552115595,0.47966619404731037,0.017681550741130068
mild,0.7160455443902527,0.2785053207707579,0.0054491348389893975
mild,0.81421635513253,0.1803345100284807,0.0054491348389893975
mild,0.7669182039508436,0.2276326612101671,0.0054491348389893975
mild,0.7323489092201401,0.2502361439750585,0.01741494680480136
mild,0.6948936251057395,0.28769142808945924,0.01741494680480136
mild,0.7326356756281472,0.2500152342139251,0.017349090157927707
mild,0.7159038199132407,0.2667470899288316,0.017349090157927707
severe,0.0,0.052287581699346414,0.9477124183006537
mild,0.7718766051064817,0.20634127140900912,0.021782123484509124
mild,0.5770409586721967,0.3704987394629741,0.05246030186482915
mild,0.6994673770942755,0.2831176761009231,0.01741494680480136
mild,0.7017059175601993,0.2808791356349993,0.01741494680480136
mild,0.7585445259294321,0.23607219587845218,0.005383278192115741
mild,0.6120445812842666,0.3660203662003953,0.0219350525153381
mild,0.7732109061366718,0.14446894319900375,0.08232015066432431
mild,0.6474751681517574,0.26301449275971495,0.08951033908852755
mild,0.7258233831736872,0.25682752666838504,0.017349090157927707
mild,0.7017059175601993,0.2808791356349993,0.01741494680480136
mild,0.5449599475192518,0.43735850173961804,0.017681550741130068
moderate,0.1430087396262883,0.8501902437840139,0.006801016589697837
mild,0.5758897055871998,0.40649460031854384,0.017615694094256413
mild,0.548221925093156,0.4463289400678545,0.0054491348389893975
mild,0.767622415898278,0.2204117721359101,0.011965811965811965
mild,0.767622415898278,0.2204117721359101,0.011965811965811965
mild,0.6586612665537794,0.2852567357651574,0.05608199768106318
mild,0.7323489092201401,0.2502361439750585,0.01741494680480136
mild,0.7054400895655669,0.27664094056501454,0.017918969869418537
mild,0.7936965546764622,0.19542102280165471,0.010882422521883131
mild,0.7485598337685859,0.22640736450593946,0.025032801725474646
mild,0.8594767221068325,0.12364574682748856,0.016877531065678957
mild,0.7065240474402222,0.27606100575497644,0.01741494680480136
mild,0.6795157988235401,0.2664989241464321,0.05398527703002783
severe,0.030400100496199994,0.3486885615372963,0.6209113379665038
mild,0.7047524686549277,0.2780018840239929,0.017245647321079506
mild,0.5113174421871372,0.47080993614591815,0.01787262166694464
mild,0.6957218360529044,0.24021626024676926,0.06406190370032641
mild,0.8594767221068325,0.12364574682748856,0.016877531065678957
severe,0.09743589743589744,0.23069677180663895,0.6718673307574635
mild,0.549491711289926,0.4324154247278405,0.018092863982233462
moderate,0.24738532592921003,0.6947064345914177,0.05790823947937233
mild,0.727724404505214,0.22120546481374914,0.05107013068103689
mild,0.6911727900867232,0.25794383855769115,0.05088337135558557
mild,0.7298476155043461,0.24996160802066614,0.02019077647498788
mild,0.7017059175601993,0.2808791356349993,0.01741494680480136
moderate,0.4627625377639261,0.5155397095273345,0.02169775270873946
mild,0.794350149833048,0.2002665719748363,0.005383278192115741
mild,0.7471028880918477,0.21020928787844576,0.04268782402970658
mild,0.7411841935740276,0.24950745247286754,0.009308353953104748
mild,0.6732851292771037,0.25478293924340617,0.07193193147949005
mild,0.6851233930401674,0.25568868375466974,0.05918792320516283
mild,0.556657568619574,0.42564053771890104,0.017701893661524908
mild,0.8376649210408802,0.1623350789591199,0.0
mild,0.6932066414307698,0.25004416997566353,0.05674918859356672
mild,0.6224449484031648,0.3334861736514177,0.04406887794541737
mild,0.8912146964776917,0.1033629472617121,0.0054223562605962535
mild,0.6295440963105384,0.2244705628644947,0.1459853408249668
mild,0.5672480801227294,0.36952589481376136,0.0632260250635091
mild,0.752547952780818,0.23085464036235537,0.01659740685682663
mild,0.7385686593343409,0.26143134066565904,0.0
mild,0.7323489092201401,0.2502361439750585,0.01741494680480136
moderate,0.19510795655656776,0.78691480839807,0.017977235045362246
mild,0.7323489092201401,0.2502361439750585,0.01741494680480136
mild,0.6743162680379647,0.3037158362287717,0.021967895733263517
mild,0.7472177532163466,0.23093828944135272,0.02184395734230064
mild,0.5279417256949966,0.45396541032276994,0.018092863982233462
mild,0.671015065773758,0.3235648800257,0.005420054200542006
mild,0.698955346846139,0.2797704872349443,0.021274165918916715
mild,0.6609516188036771,0.2794554381695431,0.05959294302677969
mild,0.7584230479983244,0.22524539464080315,0.01633155736087253
mild,0.8188486844939064,0.17026889298421047,0.010882422521883131
mild,0.6440069652199243,0.20693816910113236,0.14905486567894347
mild,0.703295152656203,0.2912557125048075,0.0054491348389893975
mild,0.6586612665537794,0.2852567357651574,0.05608199768106318
mild,0.789196408373532,0.19451703788677052,0.016286553739697576
moderate,0.4635580630155535,0.5177265389105069,0.0187153980739397
moderate,0.3487935973183463,0.643699510906374,0.007506891775279671
mild,0.6778754032814841,0.30429833667261114,0.017826260045904756
mild,0.709614794530368,0.26880127269746196,0.021583932772170075
mild,0.6819473653563383,0.29608473891039816,0.021967895733263517
mild,0.6679558400210376,0.31421789993305776,0.017826260045904756
mild,0.6309468155233087,0.2642462708133126,0.10480691366337873
mild,0.6755893976198215,0.27100144801481124,0.05340915436536736
severe,0.0,0.0,1.0
mild,0.698955346846139,0.2797704872349443,0.021274165918916715
mild,0.7017059175601993,0.2808791356349993,0.01741494680480136
moderate,0.4620019107094348,0.5315151071187662,0.006482982171799029
mild,0.7244618479529151,0.27008901720809547,0.0054491348389893975
mild,0.7410933421709256,0.253457522990085,0.0054491348389893975
severe,0.0,0.0,1.0
mild,0.7341989836894308,0.21274446897391822,0.05305654733665097
mild,0.7323489092201401,0.2502361439750585,0.01741494680480136
mild,0.8145668977607778,0.18543310223922224,0.0
mild,0.7033299378760418,0.27470592897017265,0.02196413315378549
mild,0.7121750042766255,0.27851664177026975,0.009308353953104748
moderate,0.42990324810235786,0.5268969946511181,0.0431997572465243
mild,0.6626158200694632,0.2467237171461225,0.09066046278441432
mild,0.7621315540557814,0.22590263397840663,0.011965811965811965
mild,0.763278667288088,0.21937224255398427,0.017349090157927707
mild,0.7017059175601993,0.2808791356349993,0.01741494680480136
mild,0.7105872813685,0.24739325356728412,0.04201946506421586
mild,0.8841901997692826,0.09889549315661224,0.016914307074105222
mild,0.8841901997692826,0.09889549315661224,0.016914307074105222
moderate,0.3628650092892411,0.630344212073115,0.006790778637643965
mild,0.7286441149725292,0.26590675018848137,0.0054491348389893975
mild,0.5204084818316533,0.470283164215242,0.009308353953104748
mild,0.7200412169124478,0.26117631491522947,0.018782468172322733
mild,0.6979073531664307,0.29623219875347656,0.005860448080092791
moderate,0.2799721687004924,0.7088953114964675,0.011132519803040036
moderate,0.4963257859518109,0.4982250792091996,0.0054491348389893975
mild,0.6932066414307698,0.25004416997566353,0.05674918859356672
severe,0.0,0.052287581699346414,0.9477124183006537
mild,0.6908807106776456,0.287155156168569,0.02196413315378549
moderate,0.30566816816816816,0.6841966966966967,0.010135135135135134
moderate,0.44365492009499813,0.5070200547767802,0.04932502512822162
mild,0.6948936251057395,0.28769142808945924,0.01741494680480136
mild,0.7017059175601993,0.2808791356349993,0.01741494680480136
moderate,0.4552207284626672,0.49032317432731637,0.054456097210016464
mild,0.7424396976889024,0.23560515522339487,0.02195514708770276
mild,0.5449599475192518,0.43735850173961804,0.017681550741130068
mild,0.5113174421871372,0.47080993614591815,0.01787262166694464
mild,0.7065240474402222,0.27606100575497644,0.01741494680480136
mild,0.7177304478394181,0.22702787074985867,0.05524168141072322
moderate,0.413411811165082,0.5684953248526844,0.018092863982233462
mild,0.7288386660761067,0.2615919559334627,0.009569377990430622
mild,0.692143054391679,0.28658277968940427,0.021274165918916715
mild,0.48691270985042084,0.25358135437857,0.25950593577100917
mild,0.6867654952363611,0.2912666090303754,0.021967895733263517
severe,0.2422336963533824,0.14513989734964242,0.6126264062969752
mild,0.7037734767261618,0.2749523573549215,0.021274165918916715
mild,0.66437111470456,0.2760346766277212,0.05959420866771877
mild,0.6913242495277654,0.2874015845533178,0.021274165918916715
mild,0.760201255813442,0.21863576801304338,0.02116297617351459
mild,0.7584230479983244,0.22524539464080315,0.01633155736087253
mild,0.7277800563383835,0.2558883863007439,0.01633155736087253
mild,0.7073568743966027,0.2833347716502926,0.009308353953104748
mild,0.7260767901110691,0.2532296566948394,0.020693553194091465
mild,0.7101074451106631,0.28444342005034756,0.0054491348389893975
mild,0.6770565984175706,0.30511714153652464,0.017826260045904756
moderate,0.34465862229512734,0.6367829360807907,0.01855844162408198
mild,0.8168548132742507,0.17199691470791215,0.011148272017837232
mild,0.7017059175601993,0.2808791356349993,0.01741494680480136
moderate,0.4150193731510427,0.5775798636658114,0.007400763183145947
mild,0.7763668488490634,0.22363315115093663,0.0
moderate,0.0935483599021607,0.8949573872242761,0.011494252873563216
moderate,0.0868445774595226,0.9066231695412941,0.00653225299918347
mild,0.8273438404464256,0.17265615955357447,0.0
moderate,0.32778489985009734,0.6663546520698098,0.005860448080092791
moderate,0.02344961240310078,0.9715116279069768,0.005038759689922481
mild,0.7978479620187914,0.1967687597890929,0.005383278192115741
moderate,0.31874067619532254,0.6697650709311143,0.011494252873563216
mild,0.6940748202418258,0.2885102329533728,0.01741494680480136
mild,0.7017059175601993,0.2808791356349993,0.01741494680480136
mild,0.5234747962956613,0.47066475562424587,0.005860448080092791
mild,0.6778754032814841,0.30429833667261114,0.017826260045904756
moderate,0.20780133231216244,0.7807044148142742,0.011494252873563216
mild,0.6849740618452929,0.2976109913499058,0.01741494680480136
mild,0.7174088384916889,0.27673071342821826,0.005860448080092791
mild,0.799670826691549,0.20032917330845093,0.0
mild,0.7303971351622235,0.2522537746798489,0.017349090157927707
moderate,0.46749227721675046,0.5140589286456385,0.018448794137610993
mild,0.6620085757302725,0.31465600716894265,0.023335417100784888
mild,0.6778754032814841,0.30429833667261114,0.017826260045904756
mild,0.7110482006234768,0.2726202420156505,0.01633155736087253
mild,0.8071596847865831,0.18739118037442737,0.0054491348389893975
mild,0.6962732675300952,0.2817625993161193,0.02196413315378549
mild,0.5454713543790956,0.4452202916677996,0.009308353953104748
moderate,0.3628650092892411,0.630344212073115,0.006790778637643965
mild,0.7065240474402222,0.27606100575497644,0.01741494680480136
mild,0.7458553330586338,0.24876138874925047,0.005383278192115741
mild,0.7677595504963207,0.22683527538165124,0.005405174122028164
mild,0.7323489092201401,0.2502361439750585,0.01741494680480136
